[INFO] [launch]: All log files can be found below /home/psirobot/.ros/log/2026-06-26-16-58-03-509168-bj01-dc21-2251895
[INFO] [launch]: Default logging verbosity is set to INFO
urdf_file_name : turtlebot3_burger.urdf
urdf_file_name : turtlebot3_burger.urdf
[INFO] [gzserver-1]: process started with pid [2251914]
[INFO] [robot_state_publisher-2]: process started with pid [2251916]
[INFO] [spawn_entity.py-3]: process started with pid [2251918]
[INFO] [sync_slam_toolbox_node-4]: process started with pid [2251920]
[INFO] [controller_server-5]: process started with pid [2251922]
[INFO] [smoother_server-6]: process started with pid [2251924]
[INFO] [planner_server-7]: process started with pid [2251926]
[INFO] [behavior_server-8]: process started with pid [2251928]
[INFO] [bt_navigator-9]: process started with pid [2251930]
[INFO] [waypoint_follower-10]: process started with pid [2251932]
[INFO] [velocity_smoother-11]: process started with pid [2251934]
[INFO] [lifecycle_manager-12]: process started with pid [2251936]
[INFO] [exploration_coordinator-13]: process started with pid [2251938]
[INFO] [slam_evaluator-14]: process started with pid [2251940]
[waypoint_follower-10] [INFO] [1782464283.899492646] [waypoint_follower]: 
[waypoint_follower-10] 	waypoint_follower lifecycle node launched. 
[waypoint_follower-10] 	Waiting on external lifecycle transitions to activate
[waypoint_follower-10] 	See https://design.ros2.org/articles/node_lifecycle.html for more information.
[waypoint_follower-10] [INFO] [1782464283.899764813] [waypoint_follower]: Creating
[bt_navigator-9] [INFO] [1782464283.900340670] [bt_navigator]: 
[bt_navigator-9] 	bt_navigator lifecycle node launched. 
[bt_navigator-9] 	Waiting on external lifecycle transitions to activate
[bt_navigator-9] 	See https://design.ros2.org/articles/node_lifecycle.html for more information.
[bt_navigator-9] [INFO] [1782464283.900405712] [bt_navigator]: Creating
[lifecycle_manager-12] [INFO] [1782464283.902793460] [lifecycle_manager_navigation]: Creating
[planner_server-7] [INFO] [1782464283.903951482] [planner_server]: 
[planner_server-7] 	planner_server lifecycle node launched. 
[planner_server-7] 	Waiting on external lifecycle transitions to activate
[planner_server-7] 	See https://design.ros2.org/articles/node_lifecycle.html for more information.
[robot_state_publisher-2] [INFO] [1782464283.904370447] [robot_state_publisher]: got segment base_footprint
[robot_state_publisher-2] [INFO] [1782464283.904418819] [robot_state_publisher]: got segment base_link
[robot_state_publisher-2] [INFO] [1782464283.904423727] [robot_state_publisher]: got segment base_scan
[robot_state_publisher-2] [INFO] [1782464283.904426871] [robot_state_publisher]: got segment caster_back_link
[robot_state_publisher-2] [INFO] [1782464283.904429939] [robot_state_publisher]: got segment imu_link
[robot_state_publisher-2] [INFO] [1782464283.904432593] [robot_state_publisher]: got segment wheel_left_link
[robot_state_publisher-2] [INFO] [1782464283.904435236] [robot_state_publisher]: got segment wheel_right_link
[velocity_smoother-11] [INFO] [1782464283.904523515] [velocity_smoother]: 
[velocity_smoother-11] 	velocity_smoother lifecycle node launched. 
[velocity_smoother-11] 	Waiting on external lifecycle transitions to activate
[velocity_smoother-11] 	See https://design.ros2.org/articles/node_lifecycle.html for more information.
[planner_server-7] [INFO] [1782464283.904915660] [planner_server]: Creating
[smoother_server-6] [INFO] [1782464283.904948977] [smoother_server]: 
[smoother_server-6] 	smoother_server lifecycle node launched. 
[smoother_server-6] 	Waiting on external lifecycle transitions to activate
[smoother_server-6] 	See https://design.ros2.org/articles/node_lifecycle.html for more information.
[lifecycle_manager-12] [INFO] [1782464283.904988435] [lifecycle_manager_navigation]: [34m[1mCreating and initializing lifecycle service clients[0m[0m
[smoother_server-6] [INFO] [1782464283.905593236] [smoother_server]: Creating smoother server
[behavior_server-8] [INFO] [1782464283.909858501] [behavior_server]: 
[behavior_server-8] 	behavior_server lifecycle node launched. 
[behavior_server-8] 	Waiting on external lifecycle transitions to activate
[behavior_server-8] 	See https://design.ros2.org/articles/node_lifecycle.html for more information.
[controller_server-5] [INFO] [1782464283.911186884] [controller_server]: 
[controller_server-5] 	controller_server lifecycle node launched. 
[controller_server-5] 	Waiting on external lifecycle transitions to activate
[controller_server-5] 	See https://design.ros2.org/articles/node_lifecycle.html for more information.
[controller_server-5] [INFO] [1782464283.912688671] [controller_server]: Creating controller server
[planner_server-7] [INFO] [1782464283.928843655] [global_costmap.global_costmap]: 
[planner_server-7] 	global_costmap lifecycle node launched. 
[planner_server-7] 	Waiting on external lifecycle transitions to activate
[planner_server-7] 	See https://design.ros2.org/articles/node_lifecycle.html for more information.
[planner_server-7] [INFO] [1782464283.929167343] [global_costmap.global_costmap]: Creating Costmap
[controller_server-5] [INFO] [1782464283.930633816] [local_costmap.local_costmap]: 
[controller_server-5] 	local_costmap lifecycle node launched. 
[controller_server-5] 	Waiting on external lifecycle transitions to activate
[controller_server-5] 	See https://design.ros2.org/articles/node_lifecycle.html for more information.
[controller_server-5] [INFO] [1782464283.930955076] [local_costmap.local_costmap]: Creating Costmap
[lifecycle_manager-12] [INFO] [1782464283.953819485] [lifecycle_manager_navigation]: [34m[1mStarting managed nodes bringup...[0m[0m
[lifecycle_manager-12] [INFO] [1782464283.953857076] [lifecycle_manager_navigation]: [34m[1mConfiguring controller_server[0m[0m
[controller_server-5] [INFO] [1782464283.959389955] [controller_server]: Configuring controller interface
[controller_server-5] [INFO] [1782464283.960786526] [controller_server]: getting goal checker plugins..
[controller_server-5] [INFO] [1782464283.961978545] [controller_server]: Controller frequency set to 20.0000Hz
[controller_server-5] [INFO] [1782464283.962012213] [local_costmap.local_costmap]: Configuring
[controller_server-5] [INFO] [1782464283.973279173] [local_costmap.local_costmap]: Using plugin "voxel_layer"
[controller_server-5] [INFO] [1782464283.980960699] [local_costmap.local_costmap]: Subscribed to Topics: scan
[sync_slam_toolbox_node-4] [INFO] [1782464283.982408230] [slam_toolbox]: Using solver plugin solver_plugins::CeresSolver
[controller_server-5] [INFO] [1782464284.001084661] [local_costmap.local_costmap]: Initialized plugin "voxel_layer"
[controller_server-5] [INFO] [1782464284.001117374] [local_costmap.local_costmap]: Using plugin "inflation_layer"
[controller_server-5] [INFO] [1782464284.001649827] [local_costmap.local_costmap]: Initialized plugin "inflation_layer"
[controller_server-5] [INFO] [1782464284.011704286] [controller_server]: Created progress_checker : progress_checker of type nav2_controller::SimpleProgressChecker
[controller_server-5] [INFO] [1782464284.012508054] [controller_server]: Created goal checker : general_goal_checker of type nav2_controller::SimpleGoalChecker
[controller_server-5] [INFO] [1782464284.013295546] [controller_server]: Controller Server has general_goal_checker  goal checkers available.
[controller_server-5] [INFO] [1782464284.014217065] [controller_server]: Created controller : FollowPath of type dwb_core::DWBLocalPlanner
[controller_server-5] [INFO] [1782464284.015574969] [controller_server]: Setting transform_tolerance to 0.200000
[controller_server-5] [INFO] [1782464284.044465667] [controller_server]: Using critic "RotateToGoal" (dwb_critics::RotateToGoalCritic)
[controller_server-5] [INFO] [1782464284.047610070] [controller_server]: Critic plugin initialized
[controller_server-5] [INFO] [1782464284.048262753] [controller_server]: Using critic "Oscillation" (dwb_critics::OscillationCritic)
[controller_server-5] [INFO] [1782464284.048731876] [controller_server]: Critic plugin initialized
[controller_server-5] [INFO] [1782464284.048786156] [controller_server]: Using critic "BaseObstacle" (dwb_critics::BaseObstacleCritic)
[controller_server-5] [INFO] [1782464284.049028524] [controller_server]: Critic plugin initialized
[controller_server-5] [INFO] [1782464284.049079066] [controller_server]: Using critic "GoalAlign" (dwb_critics::GoalAlignCritic)
[controller_server-5] [INFO] [1782464284.049327561] [controller_server]: Critic plugin initialized
[controller_server-5] [INFO] [1782464284.049430770] [controller_server]: Using critic "PathAlign" (dwb_critics::PathAlignCritic)
[controller_server-5] [INFO] [1782464284.049966955] [controller_server]: Critic plugin initialized
[controller_server-5] [INFO] [1782464284.050092788] [controller_server]: Using critic "PathDist" (dwb_critics::PathDistCritic)
[controller_server-5] [INFO] [1782464284.050640896] [controller_server]: Critic plugin initialized
[controller_server-5] [INFO] [1782464284.050828897] [controller_server]: Using critic "GoalDist" (dwb_critics::GoalDistCritic)
[controller_server-5] [INFO] [1782464284.051491168] [controller_server]: Critic plugin initialized
[controller_server-5] [INFO] [1782464284.051510755] [controller_server]: Controller Server has FollowPath  controllers available.
[lifecycle_manager-12] [INFO] [1782464284.068813618] [lifecycle_manager_navigation]: [34m[1mConfiguring smoother_server[0m[0m
[smoother_server-6] [INFO] [1782464284.069095864] [smoother_server]: Configuring smoother server
[smoother_server-6] [INFO] [1782464284.079454701] [smoother_server]: Created smoother : simple_smoother of type nav2_smoother::SimpleSmoother
[smoother_server-6] [INFO] [1782464284.082284329] [smoother_server]: Smoother Server has simple_smoother  smoothers available.
[lifecycle_manager-12] [INFO] [1782464284.095704739] [lifecycle_manager_navigation]: [34m[1mConfiguring planner_server[0m[0m
[planner_server-7] [INFO] [1782464284.096842523] [planner_server]: Configuring
[planner_server-7] [INFO] [1782464284.096877034] [global_costmap.global_costmap]: Configuring
[planner_server-7] [INFO] [1782464284.108843898] [global_costmap.global_costmap]: Using plugin "static_layer"
[planner_server-7] [INFO] [1782464284.114294931] [global_costmap.global_costmap]: Subscribing to the map topic (/map) with transient local durability
[planner_server-7] [INFO] [1782464284.115594194] [global_costmap.global_costmap]: Initialized plugin "static_layer"
[planner_server-7] [INFO] [1782464284.115611585] [global_costmap.global_costmap]: Using plugin "obstacle_layer"
[planner_server-7] [INFO] [1782464284.116743614] [global_costmap.global_costmap]: Subscribed to Topics: scan
[planner_server-7] [INFO] [1782464284.122271370] [global_costmap.global_costmap]: Initialized plugin "obstacle_layer"
[planner_server-7] [INFO] [1782464284.122297099] [global_costmap.global_costmap]: Using plugin "inflation_layer"
[planner_server-7] [INFO] [1782464284.123715744] [global_costmap.global_costmap]: Initialized plugin "inflation_layer"
[planner_server-7] [INFO] [1782464284.131904739] [planner_server]: Created global planner plugin GridBased of type nav2_navfn_planner/NavfnPlanner
[planner_server-7] [INFO] [1782464284.131938594] [planner_server]: Configuring plugin GridBased of type NavfnPlanner
[planner_server-7] [INFO] [1782464284.132425128] [planner_server]: Planner Server has GridBased  planners available.
[lifecycle_manager-12] [INFO] [1782464284.150351512] [lifecycle_manager_navigation]: [34m[1mConfiguring behavior_server[0m[0m
[behavior_server-8] [INFO] [1782464284.150526177] [behavior_server]: Configuring
[behavior_server-8] [INFO] [1782464284.157469141] [behavior_server]: Creating behavior plugin spin of type nav2_behaviors/Spin
[behavior_server-8] [INFO] [1782464284.157994989] [behavior_server]: Configuring spin
[behavior_server-8] [INFO] [1782464284.162267458] [behavior_server]: Creating behavior plugin backup of type nav2_behaviors/BackUp
[behavior_server-8] [INFO] [1782464284.162774723] [behavior_server]: Configuring backup
[spawn_entity.py-3] [INFO] [1782464284.165142674] [spawn_entity]: Spawn Entity started
[spawn_entity.py-3] [INFO] [1782464284.165452094] [spawn_entity]: Loading entity XML from file /opt/ros/humble/share/turtlebot3_gazebo/models/turtlebot3_burger/model.sdf
[spawn_entity.py-3] [INFO] [1782464284.166075977] [spawn_entity]: Waiting for service /spawn_entity, timeout = 30
[behavior_server-8] [INFO] [1782464284.166244873] [behavior_server]: Creating behavior plugin drive_on_heading of type nav2_behaviors/DriveOnHeading
[spawn_entity.py-3] [INFO] [1782464284.166338597] [spawn_entity]: Waiting for service /spawn_entity
[behavior_server-8] [INFO] [1782464284.166746445] [behavior_server]: Configuring drive_on_heading
[behavior_server-8] [INFO] [1782464284.174834503] [behavior_server]: Creating behavior plugin assisted_teleop of type nav2_behaviors/AssistedTeleop
[behavior_server-8] [INFO] [1782464284.175632044] [behavior_server]: Configuring assisted_teleop
[behavior_server-8] [INFO] [1782464284.183478235] [behavior_server]: Creating behavior plugin wait of type nav2_behaviors/Wait
[behavior_server-8] [INFO] [1782464284.183835700] [behavior_server]: Configuring wait
[lifecycle_manager-12] [INFO] [1782464284.188837764] [lifecycle_manager_navigation]: [34m[1mConfiguring bt_navigator[0m[0m
[bt_navigator-9] [INFO] [1782464284.189114417] [bt_navigator]: Configuring
[lifecycle_manager-12] [INFO] [1782464284.248961373] [lifecycle_manager_navigation]: [34m[1mConfiguring waypoint_follower[0m[0m
[waypoint_follower-10] [INFO] [1782464284.249194362] [waypoint_follower]: Configuring
[waypoint_follower-10] [INFO] [1782464284.258634854] [waypoint_follower]: Created waypoint_task_executor : wait_at_waypoint of type nav2_waypoint_follower::WaitAtWaypoint
[lifecycle_manager-12] [INFO] [1782464284.259313374] [lifecycle_manager_navigation]: [34m[1mConfiguring velocity_smoother[0m[0m
[velocity_smoother-11] [INFO] [1782464284.259525512] [velocity_smoother]: Configuring velocity smoother
[lifecycle_manager-12] [INFO] [1782464284.262629279] [lifecycle_manager_navigation]: [34m[1mActivating controller_server[0m[0m
[controller_server-5] [INFO] [1782464284.262795542] [controller_server]: Activating
[controller_server-5] [INFO] [1782464284.262830616] [local_costmap.local_costmap]: Activating
[controller_server-5] [INFO] [1782464284.262844722] [local_costmap.local_costmap]: Checking transform
[controller_server-5] [INFO] [1782464284.262865049] [local_costmap.local_costmap]: Timed out waiting for transform from base_link to odom to become available, tf error: Invalid frame ID "odom" passed to canTransform argument target_frame - frame does not exist
[exploration_coordinator-13] [INFO] [1782464284.345965716] [exploration_coordinator]: Loaded GBSAE prior graph for world=slam_loop: 32 nodes, 113 edges from /home/psirobot/projects/ros2_ws/src/install/activeslam_resource/share/activeslam_resource/maps/slam_loop.gbsae.json.
[exploration_coordinator-13] [INFO] [1782464284.346450526] [exploration_coordinator]: Exploration coordinator started with Nav2 backend. SLAM mode: gbsae
[slam_evaluator-14] [INFO] [1782464284.621780858] [slam_evaluator]: Evaluator logging to logs/run_slam_loop_gbsae_20260626_165803/run_20260626_165804 for world slam_loop
[slam_evaluator-14] [INFO] [1782464284.622119718] [slam_evaluator]: Sampling every 1.00s; waiting for map/TF data.
[controller_server-5] [INFO] [1782464284.762921440] [local_costmap.local_costmap]: Timed out waiting for transform from base_link to odom to become available, tf error: Invalid frame ID "odom" passed to canTransform argument target_frame - frame does not exist
[spawn_entity.py-3] [INFO] [1782464285.173798632] [spawn_entity]: Calling service /spawn_entity
[controller_server-5] [INFO] [1782464285.262916391] [local_costmap.local_costmap]: Timed out waiting for transform from base_link to odom to become available, tf error: Invalid frame ID "odom" passed to canTransform argument target_frame - frame does not exist
[gzserver-1] [INFO] [1782464285.366772520] [turtlebot3_imu]: <initial_orientation_as_reference> is unset, using default value of false to comply with REP 145 (world as orientation reference)
[spawn_entity.py-3] [INFO] [1782464285.463104963] [spawn_entity]: Spawn status: SpawnEntity: Successfully spawned entity [burger]
[robot_state_publisher-2] sequence size exceeds remaining buffer
[waypoint_follower-10] sequence size exceeds remaining buffer
[gzserver-1] [INFO] [1782464285.587399353] [turtlebot3_diff_drive]: Wheel pair 1 separation set to [0.160000m]
[gzserver-1] [INFO] [1782464285.587442016] [turtlebot3_diff_drive]: Wheel pair 1 diameter set to [0.066000m]
[gzserver-1] [INFO] [1782464285.589248189] [turtlebot3_diff_drive]: Subscribed to [/cmd_vel]
[gzserver-1] [INFO] [1782464285.591275760] [turtlebot3_diff_drive]: Advertise odometry on [/odom]
[gzserver-1] [INFO] [1782464285.592926039] [turtlebot3_diff_drive]: Publishing odom transforms between [odom] and [base_footprint]
[INFO] [spawn_entity.py-3]: process has finished cleanly [pid 2251918]
[gzserver-1] [INFO] [1782464285.607354801] [turtlebot3_joint_state]: Going to publish joint [wheel_left_joint]
[gzserver-1] [INFO] [1782464285.607388927] [turtlebot3_joint_state]: Going to publish joint [wheel_right_joint]
[controller_server-5] [INFO] [1782464285.762982968] [local_costmap.local_costmap]: start
[lifecycle_manager-12] sequence size exceeds remaining buffer
[sync_slam_toolbox_node-4] [WARN] [1782464285.814526428] [slam_toolbox]: minimum laser range setting (0.0 m) exceeds the capabilities of the used Lidar (0.1 m)
[sync_slam_toolbox_node-4] Info: clipped range threshold to be within minimum and maximum range!
[sync_slam_toolbox_node-4] [WARN] [1782464285.814779278] [slam_toolbox]: maximum laser range setting (25.0 m) exceeds the capabilities of the used Lidar (3.5 m)
[sync_slam_toolbox_node-4] Registering sensor: [Custom Described Lidar]
[controller_server-5] [INFO] [1782464285.964010403] [controller_server]: Creating bond (controller_server) to lifecycle manager.
[slam_evaluator-14] [INFO] [1782464286.008379741] [slam_evaluator]: Waiting for data: /map, TF map->base_footprint, ground truth model burger on /model_states, /gazebo/model_states, /get_entity_state, or /odom
[lifecycle_manager-12] [INFO] [1782464286.070311405] [lifecycle_manager_navigation]: Server controller_server connected with bond.
[lifecycle_manager-12] [INFO] [1782464286.070347659] [lifecycle_manager_navigation]: [34m[1mActivating smoother_server[0m[0m
[smoother_server-6] [INFO] [1782464286.070858373] [smoother_server]: Activating
[smoother_server-6] [INFO] [1782464286.070879566] [smoother_server]: Creating bond (smoother_server) to lifecycle manager.
[lifecycle_manager-12] [INFO] [1782464286.175996390] [lifecycle_manager_navigation]: Server smoother_server connected with bond.
[lifecycle_manager-12] [INFO] [1782464286.176022570] [lifecycle_manager_navigation]: [34m[1mActivating planner_server[0m[0m
[planner_server-7] [INFO] [1782464286.176350965] [planner_server]: Activating
[planner_server-7] [INFO] [1782464286.176394457] [global_costmap.global_costmap]: Activating
[planner_server-7] [INFO] [1782464286.176408519] [global_costmap.global_costmap]: Checking transform
[planner_server-7] [INFO] [1782464286.176467071] [global_costmap.global_costmap]: Timed out waiting for transform from base_link to map to become available, tf error: Lookup would require extrapolation into the past.  Requested time 0.913000 but the earliest data is at time 1.069000, when looking up transform from frame [base_link] to frame [map]
[behavior_server-8] sequence size exceeds remaining buffer
[bt_navigator-9] sequence size exceeds remaining buffer
[slam_evaluator-14] sequence size exceeds remaining buffer
[slam_evaluator-14] sequence size exceeds remaining buffer
[slam_evaluator-14] sequence size exceeds remaining buffer
[planner_server-7] [INFO] [1782464286.676550217] [global_costmap.global_costmap]: start
[slam_evaluator-14] sequence size exceeds remaining buffer
[slam_evaluator-14] sequence size exceeds remaining buffer
[slam_evaluator-14] sequence size exceeds remaining buffer
[slam_evaluator-14] sequence size exceeds remaining buffer
[slam_evaluator-14] sequence size exceeds remaining buffer
[exploration_coordinator-13] sequence size exceeds remaining buffer
[smoother_server-6] sequence size exceeds remaining buffer
[controller_server-5] sequence size exceeds remaining buffer
[waypoint_follower-10] sequence size exceeds remaining buffer
[slam_evaluator-14] sequence size exceeds remaining buffer
[exploration_coordinator-13] sequence size exceeds remaining buffer
[exploration_coordinator-13] sequence size exceeds remaining buffer
[gzserver-1] sequence size exceeds remaining buffer
[exploration_coordinator-13] sequence size exceeds remaining buffer
[gzserver-1] sequence size exceeds remaining buffer
[slam_evaluator-14] sequence size exceeds remaining buffer
[gzserver-1] sequence size exceeds remaining buffer
[gzserver-1] sequence size exceeds remaining buffer
[exploration_coordinator-13] sequence size exceeds remaining buffer
[exploration_coordinator-13] sequence size exceeds remaining buffer
[gzserver-1] sequence size exceeds remaining buffer
[exploration_coordinator-13] sequence size exceeds remaining buffer
[gzserver-1] sequence size exceeds remaining buffer
[gzserver-1] sequence size exceeds remaining buffer
[exploration_coordinator-13] sequence size exceeds remaining buffer
[sync_slam_toolbox_node-4] [INFO] [1782464290.381075275] [slam_toolbox]: Message Filter dropping message: frame 'base_scan' at time 2.369 for reason 'discarding message because the queue is full'
[planner_server-7] [INFO] [1782464290.382053397] [global_costmap.global_costmap]: Message Filter dropping message: frame 'base_scan' at time 1.569 for reason 'the timestamp on the message is earlier than all the data in the transform cache'
[planner_server-7] [INFO] [1782464290.423544619] [planner_server]: Activating plugin GridBased of type NavfnPlanner
[planner_server-7] [INFO] [1782464290.426068506] [planner_server]: Creating bond (planner_server) to lifecycle manager.
[sync_slam_toolbox_node-4] sequence size exceeds remaining buffer
[exploration_coordinator-13] [INFO] [1782464290.483199380] [exploration_coordinator]: Created GBSAE route from prior vertex 0: [0, 24, 23, 0, 23, 1, 0, 1, 22, 23, 22, 18, 1, 18, 12, 1, 12, 13, 18, 13, 14, 12, 14, 11, 0, 11, 15, 14, 15, 10, 11, 10, 16, 15, 16, 17, 10, 17, 9, 16, 9, 21, 10, 21, 25, 24, 25, 29, 24, 29, 4, 25, 4, 28, 24, 28, 3, 4, 3, 27, 23, 27, 23, 19, 11, 19, 20, 11, 20, 23, 26, 22, 26, 2, 26, 1, 26, 23, 24, 20, 24, 29, 28, 29, 30, 4, 30, 5, 31, 30, 31, 6, 7, 8]; loop_edges=[(0, 23), (0, 1), (22, 23), (1, 18), (1, 12), (13, 18), (12, 14), (0, 11), (14, 15), (10, 11), (15, 16), (10, 17), (9, 16), (10, 21), (24, 25), (24, 29), (4, 25), (24, 28), (3, 4), (23, 27), (11, 19), (11, 20), (22, 26), (1, 26), (20, 24), (28, 29), (4, 30), (30, 31)].
[robot_state_publisher-2] sequence size exceeds remaining buffer
[waypoint_follower-10] sequence size exceeds remaining buffer
[waypoint_follower-10] sequence size exceeds remaining buffer
[gzserver-1] sequence size exceeds remaining buffer
[sync_slam_toolbox_node-4] sequence size exceeds remaining buffer
[velocity_smoother-11] sequence size exceeds remaining buffer
[velocity_smoother-11] sequence size exceeds remaining buffer
[velocity_smoother-11] sequence size exceeds remaining buffer
[lifecycle_manager-12] [INFO] [1782464290.637772116] [lifecycle_manager_navigation]: Server planner_server connected with bond.
[lifecycle_manager-12] [INFO] [1782464290.637804930] [lifecycle_manager_navigation]: [34m[1mActivating behavior_server[0m[0m
[controller_server-5] sequence size exceeds remaining buffer
[behavior_server-8] [INFO] [1782464290.638368862] [behavior_server]: Activating
[behavior_server-8] [INFO] [1782464290.638386943] [behavior_server]: Activating spin
[behavior_server-8] [INFO] [1782464290.638394937] [behavior_server]: Activating backup
[behavior_server-8] [INFO] [1782464290.638401348] [behavior_server]: Activating drive_on_heading
[behavior_server-8] [INFO] [1782464290.638407468] [behavior_server]: Activating assisted_teleop
[behavior_server-8] [INFO] [1782464290.638411742] [behavior_server]: Activating wait
[behavior_server-8] [INFO] [1782464290.638417994] [behavior_server]: Creating bond (behavior_server) to lifecycle manager.
[smoother_server-6] sequence size exceeds remaining buffer
[exploration_coordinator-13] sequence size exceeds remaining buffer
[smoother_server-6] sequence size exceeds remaining buffer
[smoother_server-6] sequence size exceeds remaining buffer
[velocity_smoother-11] sequence size exceeds remaining buffer
[waypoint_follower-10] sequence size exceeds remaining buffer
[robot_state_publisher-2] sequence size exceeds remaining buffer
[slam_evaluator-14] sequence size exceeds remaining buffer
[gzserver-1] sequence size exceeds remaining buffer
[lifecycle_manager-12] [INFO] [1782464290.747087323] [lifecycle_manager_navigation]: Server behavior_server connected with bond.
[lifecycle_manager-12] [INFO] [1782464290.747112514] [lifecycle_manager_navigation]: [34m[1mActivating bt_navigator[0m[0m
[bt_navigator-9] [INFO] [1782464290.747621147] [bt_navigator]: Activating
[robot_state_publisher-2] sequence size exceeds remaining buffer
[exploration_coordinator-13] sequence size exceeds remaining buffer
[bt_navigator-9] [INFO] [1782464290.942940918] [bt_navigator]: Creating bond (bt_navigator) to lifecycle manager.
[waypoint_follower-10] sequence size exceeds remaining buffer
[lifecycle_manager-12] [INFO] [1782464291.050626115] [lifecycle_manager_navigation]: Server bt_navigator connected with bond.
[lifecycle_manager-12] [INFO] [1782464291.050658130] [lifecycle_manager_navigation]: [34m[1mActivating waypoint_follower[0m[0m
[waypoint_follower-10] [INFO] [1782464291.051402177] [waypoint_follower]: Activating
[waypoint_follower-10] [INFO] [1782464291.051452548] [waypoint_follower]: Creating bond (waypoint_follower) to lifecycle manager.
[sync_slam_toolbox_node-4] sequence size exceeds remaining buffer
[sync_slam_toolbox_node-4] sequence size exceeds remaining buffer
[lifecycle_manager-12] [INFO] [1782464291.170934270] [lifecycle_manager_navigation]: Server waypoint_follower connected with bond.
[lifecycle_manager-12] [INFO] [1782464291.170963860] [lifecycle_manager_navigation]: [34m[1mActivating velocity_smoother[0m[0m
[velocity_smoother-11] [INFO] [1782464291.171971523] [velocity_smoother]: Activating
[velocity_smoother-11] [INFO] [1782464291.172028683] [velocity_smoother]: Creating bond (velocity_smoother) to lifecycle manager.
[robot_state_publisher-2] sequence size exceeds remaining buffer
[lifecycle_manager-12] [INFO] [1782464291.284789417] [lifecycle_manager_navigation]: Server velocity_smoother connected with bond.
[lifecycle_manager-12] [INFO] [1782464291.284825670] [lifecycle_manager_navigation]: [34m[1mManaged nodes are active[0m[0m
[lifecycle_manager-12] [INFO] [1782464291.284836909] [lifecycle_manager_navigation]: [34m[1mCreating bond timer...[0m[0m
[planner_server-7] sequence size exceeds remaining buffer
[planner_server-7] sequence size exceeds remaining buffer
[waypoint_follower-10] sequence size exceeds remaining buffer
[behavior_server-8] sequence size exceeds remaining buffer
[robot_state_publisher-2] sequence size exceeds remaining buffer
[velocity_smoother-11] sequence size exceeds remaining buffer
[slam_evaluator-14] [INFO] [1782464291.613757791] [slam_evaluator]: Waiting for data: /map
[controller_server-5] sequence size exceeds remaining buffer
[robot_state_publisher-2] sequence size exceeds remaining buffer
[velocity_smoother-11] sequence size exceeds remaining buffer
[planner_server-7] sequence size exceeds remaining buffer
[robot_state_publisher-2] sequence size exceeds remaining buffer
[lifecycle_manager-12] sequence size exceeds remaining buffer
[velocity_smoother-11] sequence size exceeds remaining buffer
[behavior_server-8] sequence size exceeds remaining buffer
[lifecycle_manager-12] sequence size exceeds remaining buffer
[behavior_server-8] sequence size exceeds remaining buffer
[sync_slam_toolbox_node-4] sequence size exceeds remaining buffer
[lifecycle_manager-12] sequence size exceeds remaining buffer
[robot_state_publisher-2] sequence size exceeds remaining buffer
[velocity_smoother-11] sequence size exceeds remaining buffer
[velocity_smoother-11] sequence size exceeds remaining buffer
[controller_server-5] sequence size exceeds remaining buffer
[bt_navigator-9] sequence size exceeds remaining buffer
[robot_state_publisher-2] sequence size exceeds remaining buffer
[behavior_server-8] sequence size exceeds remaining buffer
[lifecycle_manager-12] sequence size exceeds remaining buffer
[smoother_server-6] sequence size exceeds remaining buffer
[lifecycle_manager-12] sequence size exceeds remaining buffer
[lifecycle_manager-12] sequence size exceeds remaining buffer
[planner_server-7] sequence size exceeds remaining buffer
[waypoint_follower-10] sequence size exceeds remaining buffer
[smoother_server-6] sequence size exceeds remaining buffer
[behavior_server-8] sequence size exceeds remaining buffer
[controller_server-5] sequence size exceeds remaining buffer
[behavior_server-8] sequence size exceeds remaining buffer
[smoother_server-6] sequence size exceeds remaining buffer
[velocity_smoother-11] sequence size exceeds remaining buffer
[exploration_coordinator-13] sequence size exceeds remaining buffer
[planner_server-7] sequence size exceeds remaining buffer
[lifecycle_manager-12] sequence size exceeds remaining buffer
[waypoint_follower-10] sequence size exceeds remaining buffer
[lifecycle_manager-12] sequence size exceeds remaining buffer
[gzserver-1] sequence size exceeds remaining buffer
[controller_server-5] sequence size exceeds remaining buffer
[controller_server-5] sequence size exceeds remaining buffer
[waypoint_follower-10] sequence size exceeds remaining buffer
[sync_slam_toolbox_node-4] sequence size exceeds remaining buffer
[sync_slam_toolbox_node-4] sequence size exceeds remaining buffer
[planner_server-7] sequence size exceeds remaining buffer
[planner_server-7] sequence size exceeds remaining buffer
[behavior_server-8] sequence size exceeds remaining buffer
[behavior_server-8] sequence size exceeds remaining buffer
[planner_server-7] sequence size exceeds remaining buffer
[robot_state_publisher-2] sequence size exceeds remaining buffer
[lifecycle_manager-12] sequence size exceeds remaining buffer
[smoother_server-6] sequence size exceeds remaining buffer
[smoother_server-6] sequence size exceeds remaining buffer
[planner_server-7] sequence size exceeds remaining buffer
[planner_server-7] [INFO] [1782464293.993057211] [global_costmap.global_costmap]: StaticLayer: Resizing static layer to 130 X 130 at 0.050000 m/pix
[sync_slam_toolbox_node-4] sequence size exceeds remaining buffer
[sync_slam_toolbox_node-4] sequence size exceeds remaining buffer
[exploration_coordinator-13] [INFO] [1782464294.055828766] [exploration_coordinator]: Nav2 and the first map are ready; starting exploration.
[exploration_coordinator-13] [INFO] [1782464294.068120493] [exploration_coordinator]: GBSAE prior vertex 0 already reached.
[exploration_coordinator-13] [INFO] [1782464294.071380259] [exploration_coordinator]: GBSAE prior vertex 24 has 1 allocated safe frontier candidates, local_filter_ms=3.0.
[exploration_coordinator-13] [INFO] [1782464294.071522388] [exploration_coordinator]: Checking GBSAE allocated frontier source=unknown, information_gain=2.83m^2.
[exploration_coordinator-13] [INFO] [1782464294.075558049] [exploration_coordinator]: Navigating to frontier goal=(-3.55, -0.66), size=273, cost=1.59, source=unknown, information_gain=2.83m^2
[bt_navigator-9] [INFO] [1782464294.077821253] [bt_navigator]: Begin navigating from current location (-2.00, -0.50) to (-3.55, -0.66)
[controller_server-5] [INFO] [1782464294.098459935] [controller_server]: Received a goal, begin computing control effort.
[controller_server-5] [WARN] [1782464294.098504867] [controller_server]: No goal checker was specified in parameter 'current_goal_checker'. Server will use only plugin loaded general_goal_checker . This warning will appear once.
[waypoint_follower-10] sequence size exceeds remaining buffer
[controller_server-5] sequence size exceeds remaining buffer
[controller_server-5] sequence size exceeds remaining buffer
[smoother_server-6] sequence size exceeds remaining buffer
[smoother_server-6] sequence size exceeds remaining buffer
[planner_server-7] sequence size exceeds remaining buffer
[lifecycle_manager-12] sequence size exceeds remaining buffer
[bt_navigator-9] sequence size exceeds remaining buffer
[controller_server-5] [INFO] [1782464295.148663356] [controller_server]: Passing new path to controller.
[controller_server-5] sequence size exceeds remaining buffer
[controller_server-5] sequence size exceeds remaining buffer
[bt_navigator-9] sequence size exceeds remaining buffer
[behavior_server-8] sequence size exceeds remaining buffer
[bt_navigator-9] sequence size exceeds remaining buffer
[sync_slam_toolbox_node-4] sequence size exceeds remaining buffer
[velocity_smoother-11] sequence size exceeds remaining buffer
[controller_server-5] [INFO] [1782464296.198665668] [controller_server]: Passing new path to controller.
[planner_server-7] sequence size exceeds remaining buffer
[gzserver-1] sequence size exceeds remaining buffer
[behavior_server-8] sequence size exceeds remaining buffer
[slam_evaluator-14] [INFO] [1782464296.623863861] [slam_evaluator]: Evaluator is recording samples.
[controller_server-5] [INFO] [1782464296.950572414] [controller_server]: Reached the goal!
[exploration_coordinator-13] [INFO] [1782464296.988546972] [exploration_coordinator]: Nav2 reached the active frontier goal.
[bt_navigator-9] [INFO] [1782464296.988645021] [bt_navigator]: Goal succeeded
[exploration_coordinator-13] [INFO] [1782464296.988891614] [exploration_coordinator]: Aligning with unknown frontier normal using Nav2 Spin: delta=-2.25 rad.
[behavior_server-8] [INFO] [1782464296.989417624] [behavior_server]: Running spin
[behavior_server-8] [INFO] [1782464296.989534553] [behavior_server]: Turning -2.25 for spin behavior.
[bt_navigator-9] sequence size exceeds remaining buffer
[behavior_server-8] [INFO] [1782464297.689895483] [behavior_server]: spin completed successfully
[exploration_coordinator-13] [INFO] [1782464297.690658673] [exploration_coordinator]: Probing beyond unknown frontier with Nav2 DriveOnHeading: distance=0.45m, speed=0.20m/s.
[behavior_server-8] [INFO] [1782464297.691078354] [behavior_server]: Running drive_on_heading
[behavior_server-8] [INFO] [1782464297.691201684] [behavior_server]: DriveOnHeading: no acceleration or deceleration limits set
[bt_navigator-9] sequence size exceeds remaining buffer
[sync_slam_toolbox_node-4] sequence size exceeds remaining buffer
[behavior_server-8] [INFO] [1782464298.191319176] [behavior_server]: drive_on_heading completed successfully
[exploration_coordinator-13] [INFO] [1782464298.191772109] [exploration_coordinator]: Frontier Nav2 probe completed.
[exploration_coordinator-13] [INFO] [1782464298.208350303] [exploration_coordinator]: GBSAE prior vertex 24 has 1 allocated safe frontier candidates, local_filter_ms=2.8.
[exploration_coordinator-13] [INFO] [1782464298.208499527] [exploration_coordinator]: Checking GBSAE allocated frontier source=unknown, information_gain=2.37m^2.
[exploration_coordinator-13] [INFO] [1782464298.212518222] [exploration_coordinator]: Navigating to frontier goal=(-0.85, -0.61), size=273, cost=2.97, source=unknown, information_gain=2.37m^2
[bt_navigator-9] [INFO] [1782464298.213479864] [bt_navigator]: Begin navigating from current location (-3.77, -0.84) to (-0.85, -0.61)
[controller_server-5] [INFO] [1782464298.234141956] [controller_server]: Received a goal, begin computing control effort.
[bt_navigator-9] sequence size exceeds remaining buffer
[bt_navigator-9] sequence size exceeds remaining buffer
[bt_navigator-9] sequence size exceeds remaining buffer
[controller_server-5] [INFO] [1782464299.284323786] [controller_server]: Passing new path to controller.
[bt_navigator-9] sequence size exceeds remaining buffer
[controller_server-5] [INFO] [1782464300.334319983] [controller_server]: Passing new path to controller.
[controller_server-5] [INFO] [1782464301.334270301] [controller_server]: Passing new path to controller.
[controller_server-5] [INFO] [1782464302.136006698] [controller_server]: Reached the goal!
[exploration_coordinator-13] [INFO] [1782464302.174155905] [exploration_coordinator]: Nav2 reached the active frontier goal.
[exploration_coordinator-13] [INFO] [1782464302.174385681] [exploration_coordinator]: Aligning with unknown frontier normal using Nav2 Spin: delta=1.85 rad.
[bt_navigator-9] [INFO] [1782464302.174397862] [bt_navigator]: Goal succeeded
[behavior_server-8] [INFO] [1782464302.174923733] [behavior_server]: Running spin
[behavior_server-8] [INFO] [1782464302.174972062] [behavior_server]: Turning 1.85 for spin behavior.
[behavior_server-8] [INFO] [1782464302.675268469] [behavior_server]: spin completed successfully
[exploration_coordinator-13] [INFO] [1782464302.675773571] [exploration_coordinator]: Probing beyond unknown frontier with Nav2 DriveOnHeading: distance=0.45m, speed=0.20m/s.
[behavior_server-8] [INFO] [1782464302.676067601] [behavior_server]: Running drive_on_heading
[behavior_server-8] [INFO] [1782464303.176262237] [behavior_server]: drive_on_heading completed successfully
[exploration_coordinator-13] [INFO] [1782464303.176724816] [exploration_coordinator]: Frontier Nav2 probe completed.
[exploration_coordinator-13] [INFO] [1782464303.191833368] [exploration_coordinator]: GBSAE prior vertex 24 has 1 allocated safe frontier candidates, local_filter_ms=2.9.
[exploration_coordinator-13] [INFO] [1782464303.191980529] [exploration_coordinator]: Checking GBSAE allocated frontier source=unknown, information_gain=2.76m^2.
[exploration_coordinator-13] [INFO] [1782464303.195551219] [exploration_coordinator]: Navigating to frontier goal=(-3.45, -0.61), size=273, cost=2.87, source=unknown, information_gain=2.76m^2
[bt_navigator-9] [INFO] [1782464303.196205932] [bt_navigator]: Begin navigating from current location (-0.87, -1.12) to (-3.45, -0.61)
[controller_server-5] [INFO] [1782464303.216650570] [controller_server]: Received a goal, begin computing control effort.
[controller_server-5] [INFO] [1782464304.266819117] [controller_server]: Passing new path to controller.
[planner_server-7] [INFO] [1782464304.395312011] [global_costmap.global_costmap]: StaticLayer: Resizing static layer to 130 X 131 at 0.050000 m/pix
[controller_server-5] [INFO] [1782464305.316796983] [controller_server]: Passing new path to controller.
[controller_server-5] [INFO] [1782464306.316819154] [controller_server]: Passing new path to controller.
[controller_server-5] [INFO] [1782464306.669178759] [controller_server]: Reached the goal!
[bt_navigator-9] [INFO] [1782464306.706564783] [bt_navigator]: Goal succeeded
[exploration_coordinator-13] [INFO] [1782464306.706916698] [exploration_coordinator]: Nav2 reached the active frontier goal.
[exploration_coordinator-13] [INFO] [1782464306.707334562] [exploration_coordinator]: Aligning with unknown frontier normal using Nav2 Spin: delta=-2.66 rad.
[behavior_server-8] [INFO] [1782464306.707788956] [behavior_server]: Running spin
[behavior_server-8] [INFO] [1782464306.707839276] [behavior_server]: Turning -2.66 for spin behavior.
[behavior_server-8] [INFO] [1782464307.508072841] [behavior_server]: spin completed successfully
[exploration_coordinator-13] [INFO] [1782464307.508575297] [exploration_coordinator]: Probing beyond unknown frontier with Nav2 DriveOnHeading: distance=0.45m, speed=0.20m/s.
[behavior_server-8] [INFO] [1782464307.508864094] [behavior_server]: Running drive_on_heading
[behavior_server-8] [INFO] [1782464308.009043356] [behavior_server]: drive_on_heading completed successfully
[exploration_coordinator-13] [INFO] [1782464308.009956109] [exploration_coordinator]: Frontier Nav2 probe completed.
[exploration_coordinator-13] [INFO] [1782464308.053737939] [exploration_coordinator]: GBSAE prior vertex 24 has 0 allocated safe frontier candidates, local_filter_ms=36.8.
[exploration_coordinator-13] [WARN] [1782464308.053913548] [exploration_coordinator]: GBSAE prior vertex 24 has no reachable allocated frontier; advancing the route.
[exploration_coordinator-13] [INFO] [1782464311.089646424] [exploration_coordinator]: GBSAE prior vertex 23 has 1 allocated safe frontier candidates, local_filter_ms=29.3.
[exploration_coordinator-13] [INFO] [1782464311.089803478] [exploration_coordinator]: Checking GBSAE allocated frontier source=unknown, information_gain=1.36m^2.
[exploration_coordinator-13] [INFO] [1782464311.094640661] [exploration_coordinator]: Navigating to frontier goal=(0.74, 0.43), size=655, cost=4.71, source=unknown, information_gain=1.36m^2
[bt_navigator-9] [INFO] [1782464311.095142490] [bt_navigator]: Begin navigating from current location (-3.73, -0.72) to (0.74, 0.43)
[controller_server-5] [INFO] [1782464311.115477394] [controller_server]: Received a goal, begin computing control effort.
[controller_server-5] [INFO] [1782464312.165692774] [controller_server]: Passing new path to controller.
[controller_server-5] [INFO] [1782464313.215691487] [controller_server]: Passing new path to controller.
[controller_server-5] [INFO] [1782464314.215693782] [controller_server]: Passing new path to controller.
[planner_server-7] [INFO] [1782464314.411405274] [global_costmap.global_costmap]: StaticLayer: Resizing static layer to 130 X 137 at 0.050000 m/pix
[controller_server-5] [INFO] [1782464315.265693754] [controller_server]: Passing new path to controller.
[controller_server-5] [INFO] [1782464316.265691735] [controller_server]: Passing new path to controller.
[controller_server-5] [INFO] [1782464316.367250059] [controller_server]: Reached the goal!
[bt_navigator-9] [INFO] [1782464316.405525447] [bt_navigator]: Goal succeeded
[exploration_coordinator-13] [INFO] [1782464316.405823387] [exploration_coordinator]: Nav2 reached the active frontier goal.
[exploration_coordinator-13] [INFO] [1782464316.406224986] [exploration_coordinator]: Aligning with unknown frontier normal using Nav2 Spin: delta=-1.18 rad.
[behavior_server-8] [INFO] [1782464316.406624588] [behavior_server]: Running spin
[behavior_server-8] [INFO] [1782464316.406679492] [behavior_server]: Turning -1.18 for spin behavior.
[behavior_server-8] [INFO] [1782464316.906887595] [behavior_server]: spin completed successfully
[exploration_coordinator-13] [INFO] [1782464316.907435770] [exploration_coordinator]: Probing beyond unknown frontier with Nav2 DriveOnHeading: distance=0.45m, speed=0.20m/s.
[behavior_server-8] [INFO] [1782464316.907721680] [behavior_server]: Running drive_on_heading
[behavior_server-8] [INFO] [1782464317.407959521] [behavior_server]: drive_on_heading completed successfully
[exploration_coordinator-13] [INFO] [1782464317.408370295] [exploration_coordinator]: Frontier Nav2 probe completed.
[exploration_coordinator-13] [INFO] [1782464317.458076842] [exploration_coordinator]: GBSAE prior vertex 23 has 1 allocated safe frontier candidates, local_filter_ms=24.6.
[exploration_coordinator-13] [INFO] [1782464317.458231431] [exploration_coordinator]: Checking GBSAE allocated frontier source=unknown, information_gain=1.15m^2.
[exploration_coordinator-13] [INFO] [1782464317.464247166] [exploration_coordinator]: Navigating to frontier goal=(-5.11, 0.68), size=547, cost=6.47, source=unknown, information_gain=1.15m^2
[bt_navigator-9] [INFO] [1782464317.464589621] [bt_navigator]: Begin navigating from current location (0.63, 0.86) to (-5.11, 0.68)
[controller_server-5] [INFO] [1782464317.484917507] [controller_server]: Received a goal, begin computing control effort.
[planner_server-7] [WARN] [1782464318.496165851] [planner_server]: Planner loop missed its desired rate of 20.0000 Hz. Current loop rate is 10.0000 Hz
[controller_server-5] [INFO] [1782464318.535146190] [controller_server]: Passing new path to controller.
[controller_server-5] [INFO] [1782464319.585147798] [controller_server]: Passing new path to controller.
[controller_server-5] [INFO] [1782464320.585144842] [controller_server]: Passing new path to controller.
[controller_server-5] [INFO] [1782464321.635145110] [controller_server]: Passing new path to controller.
[controller_server-5] [INFO] [1782464322.635149474] [controller_server]: Passing new path to controller.
[controller_server-5] [INFO] [1782464323.586672790] [controller_server]: Reached the goal!
[bt_navigator-9] [INFO] [1782464323.624946304] [bt_navigator]: Goal succeeded
[exploration_coordinator-13] [INFO] [1782464323.625036977] [exploration_coordinator]: Nav2 reached the active frontier goal.
[exploration_coordinator-13] [INFO] [1782464323.625262286] [exploration_coordinator]: Aligning with unknown frontier normal using Nav2 Spin: delta=0.92 rad.
[behavior_server-8] [INFO] [1782464323.625693750] [behavior_server]: Running spin
[behavior_server-8] [INFO] [1782464323.625746055] [behavior_server]: Turning 0.92 for spin behavior.
[behavior_server-8] [INFO] [1782464324.025986080] [behavior_server]: spin completed successfully
[exploration_coordinator-13] [INFO] [1782464324.038197360] [exploration_coordinator]: Probing beyond unknown frontier with Nav2 DriveOnHeading: distance=0.45m, speed=0.20m/s.
[behavior_server-8] [INFO] [1782464324.038579632] [behavior_server]: Running drive_on_heading
[planner_server-7] [INFO] [1782464324.424048040] [global_costmap.global_costmap]: StaticLayer: Resizing static layer to 147 X 160 at 0.050000 m/pix
[behavior_server-8] [INFO] [1782464324.538842377] [behavior_server]: drive_on_heading completed successfully
[exploration_coordinator-13] [INFO] [1782464324.539268954] [exploration_coordinator]: Frontier Nav2 probe completed.
[exploration_coordinator-13] [INFO] [1782464324.617355833] [exploration_coordinator]: GBSAE prior vertex 23 has 1 allocated safe frontier candidates, local_filter_ms=45.2.
[exploration_coordinator-13] [INFO] [1782464324.617508341] [exploration_coordinator]: Checking GBSAE allocated frontier source=unknown, information_gain=0.59m^2.
[exploration_coordinator-13] [INFO] [1782464324.622817299] [exploration_coordinator]: Navigating to frontier goal=(-2.51, -0.07), size=44, cost=2.63, source=unknown, information_gain=0.59m^2
[bt_navigator-9] [INFO] [1782464324.623355300] [bt_navigator]: Begin navigating from current location (-4.87, 1.05) to (-2.51, -0.07)
[controller_server-5] [INFO] [1782464324.643650592] [controller_server]: Received a goal, begin computing control effort.
[controller_server-5] [INFO] [1782464325.693827839] [controller_server]: Passing new path to controller.
[controller_server-5] [INFO] [1782464326.743826308] [controller_server]: Passing new path to controller.
[planner_server-7] [WARN] [1782464327.714266122] [planner_server]: Planner loop missed its desired rate of 20.0000 Hz. Current loop rate is 10.0000 Hz
[controller_server-5] [INFO] [1782464327.743826846] [controller_server]: Passing new path to controller.
[controller_server-5] [INFO] [1782464327.945408696] [controller_server]: Reached the goal!
[bt_navigator-9] [INFO] [1782464327.983579006] [bt_navigator]: Goal succeeded
[exploration_coordinator-13] [INFO] [1782464327.983784204] [exploration_coordinator]: Nav2 reached the active frontier goal.
[exploration_coordinator-13] [INFO] [1782464327.984035163] [exploration_coordinator]: Probing beyond unknown frontier with Nav2 DriveOnHeading: distance=0.45m, speed=0.20m/s.
[behavior_server-8] [INFO] [1782464327.984289375] [behavior_server]: Running drive_on_heading
[behavior_server-8] [INFO] [1782464328.684552467] [behavior_server]: drive_on_heading completed successfully
[exploration_coordinator-13] [INFO] [1782464328.684978233] [exploration_coordinator]: Frontier Nav2 probe completed.
[exploration_coordinator-13] [INFO] [1782464328.734283735] [exploration_coordinator]: GBSAE prior vertex 23 has 1 allocated safe frontier candidates, local_filter_ms=36.7.
[exploration_coordinator-13] [INFO] [1782464328.734433529] [exploration_coordinator]: Checking GBSAE allocated frontier source=unknown, information_gain=0.47m^2.
[planner_server-7] [WARN] [1782464328.735451386] [planner_server]: Planner loop missed its desired rate of 20.0000 Hz. Current loop rate is 10.0000 Hz
[exploration_coordinator-13] [INFO] [1782464328.738778718] [exploration_coordinator]: Navigating to frontier goal=(-3.06, -0.37), size=44, cost=0.82, source=unknown, information_gain=0.47m^2
[bt_navigator-9] [INFO] [1782464328.739130497] [bt_navigator]: Begin navigating from current location (-3.06, 0.46) to (-3.06, -0.37)
[controller_server-5] [INFO] [1782464328.759402245] [controller_server]: Received a goal, begin computing control effort.
[controller_server-5] [INFO] [1782464329.809584773] [controller_server]: Passing new path to controller.
[controller_server-5] [INFO] [1782464330.761092523] [controller_server]: Reached the goal!
[bt_navigator-9] [INFO] [1782464330.799365326] [bt_navigator]: Goal succeeded
[exploration_coordinator-13] [INFO] [1782464330.799789836] [exploration_coordinator]: Nav2 reached the active frontier goal.
[exploration_coordinator-13] [INFO] [1782464330.800208813] [exploration_coordinator]: Aligning with unknown frontier normal using Nav2 Spin: delta=0.14 rad.
[behavior_server-8] [INFO] [1782464330.800618549] [behavior_server]: Running spin
[behavior_server-8] [INFO] [1782464330.800670787] [behavior_server]: Turning 0.14 for spin behavior.
[behavior_server-8] [INFO] [1782464331.000900537] [behavior_server]: spin completed successfully
[exploration_coordinator-13] [INFO] [1782464331.001414339] [exploration_coordinator]: Probing beyond unknown frontier with Nav2 DriveOnHeading: distance=0.45m, speed=0.20m/s.
[behavior_server-8] [INFO] [1782464331.001788908] [behavior_server]: Running drive_on_heading
[behavior_server-8] [INFO] [1782464331.502024416] [behavior_server]: drive_on_heading completed successfully
[exploration_coordinator-13] [INFO] [1782464331.504461368] [exploration_coordinator]: Frontier Nav2 probe completed.
[exploration_coordinator-13] [INFO] [1782464331.544235659] [exploration_coordinator]: GBSAE prior vertex 23 already reached.
[exploration_coordinator-13] [INFO] [1782464331.544587456] [exploration_coordinator]: Checking GBSAE prior vertex 0 loop revisit at (-2.00, -0.50).
[exploration_coordinator-13] [INFO] [1782464331.549299674] [exploration_coordinator]: Navigating directly to GBSAE prior vertex 0 loop revisit: goal=(-2.00, -0.50), cost=1.40.
[bt_navigator-9] [INFO] [1782464331.549801533] [bt_navigator]: Begin navigating from current location (-3.13, 0.31) to (-2.00, -0.50)
[controller_server-5] [INFO] [1782464331.570071238] [controller_server]: Received a goal, begin computing control effort.
[controller_server-5] [INFO] [1782464332.620255348] [controller_server]: Passing new path to controller.
[controller_server-5] [INFO] [1782464333.322648842] [controller_server]: Reached the goal!
[bt_navigator-9] [INFO] [1782464333.360022283] [bt_navigator]: Goal succeeded
[exploration_coordinator-13] [INFO] [1782464333.360230122] [exploration_coordinator]: Nav2 reached GBSAE prior vertex 0 during loop revisit.
[exploration_coordinator-13] [WARN] [1782464333.390969586] [exploration_coordinator]: Skipping optional GBSAE loop revisit to prior vertex 23: prior vertex is not currently known-free.
[exploration_coordinator-13] [INFO] [1782464333.429501135] [exploration_coordinator]: Checking GBSAE prior vertex 1 at (-4.30, 0.00).
[exploration_coordinator-13] [INFO] [1782464333.432428875] [exploration_coordinator]: Navigating directly to GBSAE prior vertex 1: goal=(-4.30, 0.00), cost=2.22.
[bt_navigator-9] [INFO] [1782464333.432909294] [bt_navigator]: Begin navigating from current location (-2.15, -0.38) to (-4.30, 0.00)
[controller_server-5] [INFO] [1782464333.453170977] [controller_server]: Received a goal, begin computing control effort.
[planner_server-7] [INFO] [1782464334.435251452] [global_costmap.global_costmap]: StaticLayer: Resizing static layer to 147 X 160 at 0.050000 m/pix
[controller_server-5] [INFO] [1782464334.503384006] [controller_server]: Passing new path to controller.
[controller_server-5] [INFO] [1782464335.553382861] [controller_server]: Passing new path to controller.
[controller_server-5] [INFO] [1782464336.553382436] [controller_server]: Passing new path to controller.
[controller_server-5] [INFO] [1782464336.604886782] [controller_server]: Reached the goal!
[bt_navigator-9] [INFO] [1782464336.643127561] [bt_navigator]: Goal succeeded
[exploration_coordinator-13] [INFO] [1782464336.643343173] [exploration_coordinator]: Nav2 reached GBSAE prior vertex 1.
[exploration_coordinator-13] [INFO] [1782464336.673194529] [exploration_coordinator]: Checking GBSAE prior vertex 0 loop revisit at (-2.00, -0.50).
[exploration_coordinator-13] [INFO] [1782464336.675995340] [exploration_coordinator]: Navigating directly to GBSAE prior vertex 0 loop revisit: goal=(-2.00, -0.50), cost=2.17.
[bt_navigator-9] [INFO] [1782464336.676572300] [bt_navigator]: Begin navigating from current location (-4.11, -0.05) to (-2.00, -0.50)
[controller_server-5] [INFO] [1782464336.696926296] [controller_server]: Received a goal, begin computing control effort.
[controller_server-5] [INFO] [1782464337.747095233] [controller_server]: Passing new path to controller.
[controller_server-5] [INFO] [1782464338.648610972] [controller_server]: Reached the goal!
[bt_navigator-9] [INFO] [1782464338.686837498] [bt_navigator]: Goal succeeded
[exploration_coordinator-13] [INFO] [1782464338.686989781] [exploration_coordinator]: Nav2 reached GBSAE prior vertex 0 during loop revisit.
[exploration_coordinator-13] [INFO] [1782464338.716255434] [exploration_coordinator]: Checking GBSAE prior vertex 1 loop revisit at (-4.30, 0.00).
[exploration_coordinator-13] [INFO] [1782464338.719089294] [exploration_coordinator]: Navigating directly to GBSAE prior vertex 1 loop revisit: goal=(-4.30, 0.00), cost=2.23.
[bt_navigator-9] [INFO] [1782464338.719457150] [bt_navigator]: Begin navigating from current location (-2.15, -0.44) to (-4.30, 0.00)
[controller_server-5] [INFO] [1782464338.739725662] [controller_server]: Received a goal, begin computing control effort.
[controller_server-5] [INFO] [1782464339.789893654] [controller_server]: Passing new path to controller.
[controller_server-5] [INFO] [1782464340.839893897] [controller_server]: Passing new path to controller.
[controller_server-5] [INFO] [1782464341.839894178] [controller_server]: Passing new path to controller.
[controller_server-5] [INFO] [1782464341.891404913] [controller_server]: Reached the goal!
[bt_navigator-9] [INFO] [1782464341.929723994] [bt_navigator]: Goal succeeded
[exploration_coordinator-13] [INFO] [1782464341.929995509] [exploration_coordinator]: Nav2 reached GBSAE prior vertex 1 during loop revisit.
[exploration_coordinator-13] [INFO] [1782464341.959652705] [exploration_coordinator]: Checking GBSAE prior vertex 22 at (-4.75, 0.15).
[exploration_coordinator-13] [INFO] [1782464341.962111673] [exploration_coordinator]: Navigating directly to GBSAE prior vertex 22: goal=(-4.75, 0.15), cost=0.71.
[bt_navigator-9] [INFO] [1782464341.962658683] [bt_navigator]: Begin navigating from current location (-4.12, -0.09) to (-4.75, 0.15)
[controller_server-5] [INFO] [1782464341.982920077] [controller_server]: Received a goal, begin computing control effort.
[controller_server-5] [INFO] [1782464343.033094183] [controller_server]: Passing new path to controller.
[controller_server-5] [INFO] [1782464343.834570094] [controller_server]: Reached the goal!
[bt_navigator-9] [INFO] [1782464343.872922390] [bt_navigator]: Goal succeeded
[exploration_coordinator-13] [INFO] [1782464343.873132950] [exploration_coordinator]: Nav2 reached GBSAE prior vertex 22.
[exploration_coordinator-13] [INFO] [1782464343.881720327] [exploration_coordinator]: Checking GBSAE prior vertex 23 loop revisit at (-3.05, 0.15).
[exploration_coordinator-13] [INFO] [1782464343.884090049] [exploration_coordinator]: Navigating directly to GBSAE prior vertex 23 loop revisit: goal=(-3.05, 0.15), cost=1.50.
[bt_navigator-9] [INFO] [1782464343.884452038] [bt_navigator]: Begin navigating from current location (-4.55, 0.15) to (-3.05, 0.15)
[controller_server-5] [INFO] [1782464343.904733913] [controller_server]: Received a goal, begin computing control effort.
[controller_server-5] [INFO] [1782464344.954910609] [controller_server]: Passing new path to controller.
[controller_server-5] [INFO] [1782464345.006073492] [controller_server]: Reached the goal!
[bt_navigator-9] [INFO] [1782464345.044692627] [bt_navigator]: Goal succeeded
[exploration_coordinator-13] [INFO] [1782464345.044880535] [exploration_coordinator]: Nav2 reached GBSAE prior vertex 23 during loop revisit.
[exploration_coordinator-13] [INFO] [1782464345.082611213] [exploration_coordinator]: Checking GBSAE prior vertex 22 loop revisit at (-4.75, 0.15).
[exploration_coordinator-13] [INFO] [1782464345.085659540] [exploration_coordinator]: Navigating directly to GBSAE prior vertex 22 loop revisit: goal=(-4.75, 0.15), cost=1.50.
[bt_navigator-9] [INFO] [1782464345.086226477] [bt_navigator]: Begin navigating from current location (-3.24, 0.13) to (-4.75, 0.15)
[controller_server-5] [INFO] [1782464345.106502317] [controller_server]: Received a goal, begin computing control effort.
[controller_server-5] [INFO] [1782464346.156669157] [controller_server]: Passing new path to controller.
[controller_server-5] [INFO] [1782464347.206670194] [controller_server]: Passing new path to controller.
[controller_server-5] [INFO] [1782464347.758164964] [controller_server]: Reached the goal!
[bt_navigator-9] [INFO] [1782464347.796475079] [bt_navigator]: Goal succeeded
[exploration_coordinator-13] [INFO] [1782464347.796887212] [exploration_coordinator]: Nav2 reached GBSAE prior vertex 22 during loop revisit.
[exploration_coordinator-13] [INFO] [1782464347.805686162] [exploration_coordinator]: Checking GBSAE prior vertex 18 at (-4.75, -1.55).
[exploration_coordinator-13] [INFO] [1782464347.808894418] [exploration_coordinator]: Navigating directly to GBSAE prior vertex 18: goal=(-4.75, -1.55), cost=1.68.
[bt_navigator-9] [INFO] [1782464347.809229107] [bt_navigator]: Begin navigating from current location (-4.55, 0.11) to (-4.75, -1.55)
[controller_server-5] [INFO] [1782464347.829508742] [controller_server]: Received a goal, begin computing control effort.
[controller_server-5] [INFO] [1782464348.879677909] [controller_server]: Passing new path to controller.
[controller_server-5] [INFO] [1782464349.929677390] [controller_server]: Passing new path to controller.
[controller_server-5] [INFO] [1782464350.181155568] [controller_server]: Reached the goal!
[bt_navigator-9] [INFO] [1782464350.219475735] [bt_navigator]: Goal succeeded
[exploration_coordinator-13] [INFO] [1782464350.219899559] [exploration_coordinator]: Nav2 reached GBSAE prior vertex 18.
[exploration_coordinator-13] [INFO] [1782464350.248773213] [exploration_coordinator]: Checking GBSAE prior vertex 1 loop revisit at (-4.30, 0.00).
[exploration_coordinator-13] [INFO] [1782464350.254152095] [exploration_coordinator]: Navigating directly to GBSAE prior vertex 1 loop revisit: goal=(-4.30, 0.00), cost=1.48.
[bt_navigator-9] [INFO] [1782464350.254761218] [bt_navigator]: Begin navigating from current location (-4.69, -1.41) to (-4.30, 0.00)
[controller_server-5] [INFO] [1782464350.275039392] [controller_server]: Received a goal, begin computing control effort.
[controller_server-5] [INFO] [1782464351.325229232] [controller_server]: Passing new path to controller.
[controller_server-5] [INFO] [1782464352.176751330] [controller_server]: Reached the goal!
[bt_navigator-9] [INFO] [1782464352.215265743] [bt_navigator]: Goal succeeded
[exploration_coordinator-13] [INFO] [1782464352.215506395] [exploration_coordinator]: Nav2 reached GBSAE prior vertex 1 during loop revisit.
[exploration_coordinator-13] [INFO] [1782464352.218761054] [exploration_coordinator]: Checking GBSAE prior vertex 18 loop revisit at (-4.75, -1.55).
[exploration_coordinator-13] [INFO] [1782464352.221946674] [exploration_coordinator]: Navigating directly to GBSAE prior vertex 18 loop revisit: goal=(-4.75, -1.55), cost=1.42.
[bt_navigator-9] [INFO] [1782464352.222434121] [bt_navigator]: Begin navigating from current location (-4.36, -0.19) to (-4.75, -1.55)
[controller_server-5] [INFO] [1782464352.242713984] [controller_server]: Received a goal, begin computing control effort.
[controller_server-5] [INFO] [1782464353.292891307] [controller_server]: Passing new path to controller.
[controller_server-5] [INFO] [1782464354.342891747] [controller_server]: Passing new path to controller.
[controller_server-5] [INFO] [1782464354.444382703] [controller_server]: Reached the goal!
[planner_server-7] [INFO] [1782464354.458986318] [global_costmap.global_costmap]: StaticLayer: Resizing static layer to 147 X 161 at 0.050000 m/pix
[bt_navigator-9] [INFO] [1782464354.482676505] [bt_navigator]: Goal succeeded
[exploration_coordinator-13] [INFO] [1782464354.482875307] [exploration_coordinator]: Nav2 reached GBSAE prior vertex 18 during loop revisit.
[exploration_coordinator-13] [INFO] [1782464354.504652480] [exploration_coordinator]: Checking GBSAE prior vertex 12 at (-4.30, -2.60).
[exploration_coordinator-13] [INFO] [1782464354.508106344] [exploration_coordinator]: Navigating directly to GBSAE prior vertex 12: goal=(-4.30, -2.60), cost=1.28.
[bt_navigator-9] [INFO] [1782464354.508676532] [bt_navigator]: Begin navigating from current location (-4.68, -1.38) to (-4.30, -2.60)
[controller_server-5] [INFO] [1782464354.528949969] [controller_server]: Received a goal, begin computing control effort.
[controller_server-5] [INFO] [1782464355.579135774] [controller_server]: Passing new path to controller.
[controller_server-5] [INFO] [1782464356.231208740] [controller_server]: Reached the goal!
[bt_navigator-9] [INFO] [1782464356.268939025] [bt_navigator]: Goal succeeded
[exploration_coordinator-13] [INFO] [1782464356.269118120] [exploration_coordinator]: Nav2 reached GBSAE prior vertex 12.
[exploration_coordinator-13] [INFO] [1782464356.307245181] [exploration_coordinator]: Checking GBSAE prior vertex 1 loop revisit at (-4.30, 0.00).
[exploration_coordinator-13] [INFO] [1782464356.311287594] [exploration_coordinator]: Navigating directly to GBSAE prior vertex 1 loop revisit: goal=(-4.30, 0.00), cost=2.47.
[bt_navigator-9] [INFO] [1782464356.311664298] [bt_navigator]: Begin navigating from current location (-4.37, -2.43) to (-4.30, 0.00)
[controller_server-5] [INFO] [1782464356.331993027] [controller_server]: Received a goal, begin computing control effort.
[controller_server-5] [INFO] [1782464357.382167690] [controller_server]: Passing new path to controller.
[controller_server-5] [INFO] [1782464358.432172403] [controller_server]: Passing new path to controller.
[controller_server-5] [INFO] [1782464359.133793455] [controller_server]: Reached the goal!
[bt_navigator-9] [INFO] [1782464359.172071684] [bt_navigator]: Goal succeeded
[exploration_coordinator-13] [INFO] [1782464359.172106087] [exploration_coordinator]: Nav2 reached GBSAE prior vertex 1 during loop revisit.
[exploration_coordinator-13] [INFO] [1782464359.192812083] [exploration_coordinator]: Checking GBSAE prior vertex 12 loop revisit at (-4.30, -2.60).
[exploration_coordinator-13] [INFO] [1782464359.196798067] [exploration_coordinator]: Navigating directly to GBSAE prior vertex 12 loop revisit: goal=(-4.30, -2.60), cost=2.42.
[bt_navigator-9] [INFO] [1782464359.197178199] [bt_navigator]: Begin navigating from current location (-4.34, -0.18) to (-4.30, -2.60)
[controller_server-5] [INFO] [1782464359.217497089] [controller_server]: Received a goal, begin computing control effort.
[controller_server-5] [INFO] [1782464360.267666594] [controller_server]: Passing new path to controller.
[controller_server-5] [INFO] [1782464361.317665160] [controller_server]: Passing new path to controller.
[controller_server-5] [INFO] [1782464362.069155078] [controller_server]: Reached the goal!
[bt_navigator-9] [INFO] [1782464362.107451404] [bt_navigator]: Goal succeeded
[exploration_coordinator-13] [INFO] [1782464362.107626920] [exploration_coordinator]: Nav2 reached GBSAE prior vertex 12 during loop revisit.
[exploration_coordinator-13] [INFO] [1782464362.116647701] [exploration_coordinator]: Checking GBSAE prior vertex 13 at (-4.75, -3.25).
[exploration_coordinator-13] [INFO] [1782464362.119867971] [exploration_coordinator]: Navigating directly to GBSAE prior vertex 13: goal=(-4.75, -3.25), cost=0.95.
[bt_navigator-9] [INFO] [1782464362.120220857] [bt_navigator]: Begin navigating from current location (-4.34, -2.40) to (-4.75, -3.25)
[controller_server-5] [INFO] [1782464362.140502464] [controller_server]: Received a goal, begin computing control effort.
[controller_server-5] [INFO] [1782464363.190677060] [controller_server]: Passing new path to controller.
[controller_server-5] [INFO] [1782464363.942143715] [controller_server]: Reached the goal!
[bt_navigator-9] [INFO] [1782464363.980469498] [bt_navigator]: Goal succeeded
[exploration_coordinator-13] [INFO] [1782464363.980663139] [exploration_coordinator]: Nav2 reached GBSAE prior vertex 13.
[exploration_coordinator-13] [INFO] [1782464364.033042698] [exploration_coordinator]: Checking GBSAE prior vertex 18 loop revisit at (-4.75, -1.55).
[exploration_coordinator-13] [INFO] [1782464364.037084417] [exploration_coordinator]: Navigating directly to GBSAE prior vertex 18 loop revisit: goal=(-4.75, -1.55), cost=1.58.
[bt_navigator-9] [INFO] [1782464364.037692685] [bt_navigator]: Begin navigating from current location (-4.61, -3.10) to (-4.75, -1.55)
[controller_server-5] [INFO] [1782464364.058001331] [controller_server]: Received a goal, begin computing control effort.
[planner_server-7] [INFO] [1782464364.471092098] [global_costmap.global_costmap]: StaticLayer: Resizing static layer to 147 X 161 at 0.050000 m/pix
[controller_server-5] [INFO] [1782464365.108167007] [controller_server]: Passing new path to controller.
[controller_server-5] [INFO] [1782464366.158165896] [controller_server]: Passing new path to controller.
[controller_server-5] [INFO] [1782464366.259742868] [controller_server]: Reached the goal!
[bt_navigator-9] [INFO] [1782464366.297961311] [bt_navigator]: Goal succeeded
[exploration_coordinator-13] [INFO] [1782464366.298378047] [exploration_coordinator]: Nav2 reached GBSAE prior vertex 18 during loop revisit.
[exploration_coordinator-13] [INFO] [1782464366.322802241] [exploration_coordinator]: Checking GBSAE prior vertex 13 loop revisit at (-4.75, -3.25).
[exploration_coordinator-13] [INFO] [1782464366.328209622] [exploration_coordinator]: Navigating directly to GBSAE prior vertex 13 loop revisit: goal=(-4.75, -3.25), cost=1.52.
[bt_navigator-9] [INFO] [1782464366.328773945] [bt_navigator]: Begin navigating from current location (-4.71, -1.73) to (-4.75, -3.25)
[controller_server-5] [INFO] [1782464366.349059791] [controller_server]: Received a goal, begin computing control effort.
[controller_server-5] [INFO] [1782464367.399254643] [controller_server]: Passing new path to controller.
[controller_server-5] [INFO] [1782464368.449251466] [controller_server]: Passing new path to controller.
[controller_server-5] [INFO] [1782464368.450799735] [controller_server]: Reached the goal!
[bt_navigator-9] [INFO] [1782464368.499199445] [bt_navigator]: Goal succeeded
[exploration_coordinator-13] [INFO] [1782464368.499207153] [exploration_coordinator]: Nav2 reached GBSAE prior vertex 13 during loop revisit.
[exploration_coordinator-13] [INFO] [1782464368.526873932] [exploration_coordinator]: Checking GBSAE prior vertex 14 at (-3.05, -3.25).
[exploration_coordinator-13] [INFO] [1782464368.532293934] [exploration_coordinator]: Navigating directly to GBSAE prior vertex 14: goal=(-3.05, -3.25), cost=1.69.
[bt_navigator-9] [INFO] [1782464368.532674196] [bt_navigator]: Begin navigating from current location (-4.72, -3.05) to (-3.05, -3.25)
[controller_server-5] [INFO] [1782464368.552965436] [controller_server]: Received a goal, begin computing control effort.
[controller_server-5] [INFO] [1782464369.603135893] [controller_server]: Passing new path to controller.
[controller_server-5] [INFO] [1782464369.904491429] [controller_server]: Reached the goal!
[bt_navigator-9] [INFO] [1782464369.942938691] [bt_navigator]: Goal succeeded
[exploration_coordinator-13] [INFO] [1782464369.943379253] [exploration_coordinator]: Nav2 reached GBSAE prior vertex 14.
[exploration_coordinator-13] [INFO] [1782464369.968928880] [exploration_coordinator]: Checking GBSAE prior vertex 12 loop revisit at (-4.30, -2.60).
[exploration_coordinator-13] [INFO] [1782464369.976164640] [exploration_coordinator]: Navigating directly to GBSAE prior vertex 12 loop revisit: goal=(-4.30, -2.60), cost=1.27.
[bt_navigator-9] [INFO] [1782464369.976598981] [bt_navigator]: Begin navigating from current location (-3.21, -3.19) to (-4.30, -2.60)
[planner_server-7] [WARN] [1782464369.977468808] [planner_server]: GridBased: failed to create plan with tolerance 0.05.
[planner_server-7] [WARN] [1782464369.977504330] [planner_server]: Planning algorithm GridBased failed to generate a valid path to (-4.30, -2.60)
[planner_server-7] [WARN] [1782464369.977515380] [planner_server]: [compute_path_to_pose] [ActionServer] Aborting handle.
[planner_server-7] [INFO] [1782464369.996811392] [global_costmap.global_costmap]: Received request to clear entirely the global_costmap
[planner_server-7] [WARN] [1782464370.487931207] [planner_server]: Planner loop missed its desired rate of 20.0000 Hz. Current loop rate is 0.4000 Hz
[controller_server-5] [INFO] [1782464370.506861596] [controller_server]: Received a goal, begin computing control effort.
[controller_server-5] [INFO] [1782464371.557034448] [controller_server]: Passing new path to controller.
[controller_server-5] [INFO] [1782464372.607033070] [controller_server]: Passing new path to controller.
[controller_server-5] [INFO] [1782464372.808522674] [controller_server]: Reached the goal!
[bt_navigator-9] [INFO] [1782464372.847052401] [bt_navigator]: Goal succeeded
[exploration_coordinator-13] [INFO] [1782464372.847361609] [exploration_coordinator]: Nav2 reached GBSAE prior vertex 12 during loop revisit.
[exploration_coordinator-13] [INFO] [1782464372.855699953] [exploration_coordinator]: Checking GBSAE prior vertex 14 loop revisit at (-3.05, -3.25).
[exploration_coordinator-13] [INFO] [1782464372.862797185] [exploration_coordinator]: Navigating directly to GBSAE prior vertex 14 loop revisit: goal=(-3.05, -3.25), cost=1.19.
[bt_navigator-9] [INFO] [1782464372.863419739] [bt_navigator]: Begin navigating from current location (-4.12, -2.69) to (-3.05, -3.25)
[controller_server-5] [INFO] [1782464372.883706908] [controller_server]: Received a goal, begin computing control effort.
[controller_server-5] [INFO] [1782464373.933890722] [controller_server]: Passing new path to controller.
[controller_server-5] [INFO] [1782464374.135371511] [controller_server]: Reached the goal!
[bt_navigator-9] [INFO] [1782464374.173836567] [bt_navigator]: Goal succeeded
[exploration_coordinator-13] [INFO] [1782464374.173871463] [exploration_coordinator]: Nav2 reached GBSAE prior vertex 14 during loop revisit.
[exploration_coordinator-13] [INFO] [1782464374.177452151] [exploration_coordinator]: Checking GBSAE prior vertex 11 at (-1.80, -2.60).
[exploration_coordinator-13] [INFO] [1782464374.181461546] [exploration_coordinator]: Navigating directly to GBSAE prior vertex 11: goal=(-1.80, -2.60), cost=1.52.
[bt_navigator-9] [INFO] [1782464374.182041576] [bt_navigator]: Begin navigating from current location (-3.18, -3.16) to (-1.80, -2.60)
[controller_server-5] [INFO] [1782464374.202309106] [controller_server]: Received a goal, begin computing control effort.
[planner_server-7] [INFO] [1782464374.482162875] [global_costmap.global_costmap]: StaticLayer: Resizing static layer to 147 X 161 at 0.050000 m/pix
[controller_server-5] [INFO] [1782464375.252492194] [controller_server]: Passing new path to controller.
[controller_server-5] [INFO] [1782464375.503981143] [controller_server]: Reached the goal!
[bt_navigator-9] [INFO] [1782464375.542306871] [bt_navigator]: Goal succeeded
[exploration_coordinator-13] [INFO] [1782464375.543833288] [exploration_coordinator]: Nav2 reached GBSAE prior vertex 11.
[exploration_coordinator-13] [INFO] [1782464375.581952424] [exploration_coordinator]: Checking GBSAE prior vertex 0 loop revisit at (-2.00, -0.50).
[exploration_coordinator-13] [INFO] [1782464375.586389624] [exploration_coordinator]: Navigating directly to GBSAE prior vertex 0 loop revisit: goal=(-2.00, -0.50), cost=2.23.
[bt_navigator-9] [INFO] [1782464375.586984520] [bt_navigator]: Begin navigating from current location (-1.94, -2.69) to (-2.00, -0.50)
[controller_server-5] [INFO] [1782464375.607245941] [controller_server]: Received a goal, begin computing control effort.
[controller_server-5] [INFO] [1782464376.657421866] [controller_server]: Passing new path to controller.
[controller_server-5] [INFO] [1782464377.707419428] [controller_server]: Passing new path to controller.
[controller_server-5] [INFO] [1782464378.158857626] [controller_server]: Reached the goal!
[bt_navigator-9] [INFO] [1782464378.197253451] [bt_navigator]: Goal succeeded
[exploration_coordinator-13] [INFO] [1782464378.197416676] [exploration_coordinator]: Nav2 reached GBSAE prior vertex 0 during loop revisit.
[exploration_coordinator-13] [INFO] [1782464378.227226739] [exploration_coordinator]: Checking GBSAE prior vertex 11 loop revisit at (-1.80, -2.60).
[exploration_coordinator-13] [INFO] [1782464378.231882757] [exploration_coordinator]: Navigating directly to GBSAE prior vertex 11 loop revisit: goal=(-1.80, -2.60), cost=1.96.
[bt_navigator-9] [INFO] [1782464378.232479936] [bt_navigator]: Begin navigating from current location (-2.02, -0.70) to (-1.80, -2.60)
[controller_server-5] [INFO] [1782464378.252706854] [controller_server]: Received a goal, begin computing control effort.
[controller_server-5] [INFO] [1782464379.302891160] [controller_server]: Passing new path to controller.
[controller_server-5] [INFO] [1782464380.352892637] [controller_server]: Passing new path to controller.
[controller_server-5] [INFO] [1782464380.554357106] [controller_server]: Reached the goal!
[bt_navigator-9] [INFO] [1782464380.592712452] [bt_navigator]: Goal succeeded
[exploration_coordinator-13] [INFO] [1782464380.596542412] [exploration_coordinator]: Nav2 reached GBSAE prior vertex 11 during loop revisit.
[exploration_coordinator-13] [INFO] [1782464380.635780871] [exploration_coordinator]: Checking GBSAE prior vertex 15 at (-1.35, -3.25).
[exploration_coordinator-13] [INFO] [1782464380.639791521] [exploration_coordinator]: Navigating directly to GBSAE prior vertex 15: goal=(-1.35, -3.25), cost=1.00.
[bt_navigator-9] [INFO] [1782464380.640403421] [bt_navigator]: Begin navigating from current location (-1.86, -2.42) to (-1.35, -3.25)
[controller_server-5] [INFO] [1782464380.660687616] [controller_server]: Received a goal, begin computing control effort.
[controller_server-5] [INFO] [1782464381.710868825] [controller_server]: Passing new path to controller.
[controller_server-5] [INFO] [1782464382.062349504] [controller_server]: Reached the goal!
[bt_navigator-9] [INFO] [1782464382.100679358] [bt_navigator]: Goal succeeded
[exploration_coordinator-13] [INFO] [1782464382.100876934] [exploration_coordinator]: Nav2 reached GBSAE prior vertex 15.
[exploration_coordinator-13] [INFO] [1782464382.117895577] [exploration_coordinator]: Checking GBSAE prior vertex 14 loop revisit at (-3.05, -3.25).
[exploration_coordinator-13] [INFO] [1782464382.122216007] [exploration_coordinator]: Navigating directly to GBSAE prior vertex 14 loop revisit: goal=(-3.05, -3.25), cost=1.69.
[bt_navigator-9] [INFO] [1782464382.122584503] [bt_navigator]: Begin navigating from current location (-1.40, -3.05) to (-3.05, -3.25)
[controller_server-5] [INFO] [1782464382.142877460] [controller_server]: Received a goal, begin computing control effort.
[controller_server-5] [INFO] [1782464383.193040955] [controller_server]: Passing new path to controller.
[controller_server-5] [INFO] [1782464384.243043089] [controller_server]: Passing new path to controller.
[planner_server-7] [INFO] [1782464384.492812350] [global_costmap.global_costmap]: StaticLayer: Resizing static layer to 147 X 161 at 0.050000 m/pix
[controller_server-5] [INFO] [1782464384.894746105] [controller_server]: Reached the goal!
[bt_navigator-9] [INFO] [1782464384.932904756] [bt_navigator]: Goal succeeded
[exploration_coordinator-13] [INFO] [1782464384.933161068] [exploration_coordinator]: Nav2 reached GBSAE prior vertex 14 during loop revisit.
[exploration_coordinator-13] [INFO] [1782464384.960969985] [exploration_coordinator]: Checking GBSAE prior vertex 15 loop revisit at (-1.35, -3.25).
[exploration_coordinator-13] [INFO] [1782464384.965435477] [exploration_coordinator]: Navigating directly to GBSAE prior vertex 15 loop revisit: goal=(-1.35, -3.25), cost=1.52.
[bt_navigator-9] [INFO] [1782464384.966041006] [bt_navigator]: Begin navigating from current location (-2.87, -3.22) to (-1.35, -3.25)
[controller_server-5] [INFO] [1782464384.986342836] [controller_server]: Received a goal, begin computing control effort.
[controller_server-5] [INFO] [1782464386.036513512] [controller_server]: Passing new path to controller.
[controller_server-5] [INFO] [1782464386.087602947] [controller_server]: Reached the goal!
[bt_navigator-9] [INFO] [1782464386.126298565] [bt_navigator]: Goal succeeded
[exploration_coordinator-13] [INFO] [1782464386.126690331] [exploration_coordinator]: Nav2 reached GBSAE prior vertex 15 during loop revisit.
[exploration_coordinator-13] [INFO] [1782464386.188002645] [exploration_coordinator]: GBSAE prior vertex 10 has 1 allocated safe frontier candidates, local_filter_ms=24.6.
[exploration_coordinator-13] [INFO] [1782464386.188231400] [exploration_coordinator]: Checking GBSAE allocated frontier source=unknown, information_gain=1.37m^2.
[exploration_coordinator-13] [INFO] [1782464386.193552532] [exploration_coordinator]: Navigating to frontier goal=(0.67, -1.72), size=173, cost=2.70, source=unknown, information_gain=1.37m^2
[bt_navigator-9] [INFO] [1782464386.193931345] [bt_navigator]: Begin navigating from current location (-1.53, -3.21) to (0.67, -1.72)
[controller_server-5] [INFO] [1782464386.214224065] [controller_server]: Received a goal, begin computing control effort.
[planner_server-7] [WARN] [1782464387.224822852] [planner_server]: Planner loop missed its desired rate of 20.0000 Hz. Current loop rate is 10.0000 Hz
[controller_server-5] [INFO] [1782464387.264417216] [controller_server]: Passing new path to controller.
[controller_server-5] [INFO] [1782464388.314413420] [controller_server]: Passing new path to controller.
[controller_server-5] [INFO] [1782464389.165901607] [controller_server]: Reached the goal!
[bt_navigator-9] [INFO] [1782464389.204200133] [bt_navigator]: Goal succeeded
[exploration_coordinator-13] [INFO] [1782464389.204629813] [exploration_coordinator]: Nav2 reached the active frontier goal.
[exploration_coordinator-13] [INFO] [1782464389.205058430] [exploration_coordinator]: Aligning with unknown frontier normal using Nav2 Spin: delta=0.70 rad.
[behavior_server-8] [INFO] [1782464389.205474773] [behavior_server]: Running spin
[behavior_server-8] [INFO] [1782464389.205526722] [behavior_server]: Turning 0.70 for spin behavior.
[behavior_server-8] [INFO] [1782464389.605764779] [behavior_server]: spin completed successfully
[exploration_coordinator-13] [INFO] [1782464389.606907857] [exploration_coordinator]: Probing beyond unknown frontier with Nav2 DriveOnHeading: distance=0.45m, speed=0.20m/s.
[behavior_server-8] [INFO] [1782464389.607328815] [behavior_server]: Running drive_on_heading
[behavior_server-8] [INFO] [1782464390.107575184] [behavior_server]: drive_on_heading completed successfully
[exploration_coordinator-13] [INFO] [1782464390.107993784] [exploration_coordinator]: Frontier Nav2 probe completed.
[exploration_coordinator-13] [INFO] [1782464390.155656086] [exploration_coordinator]: GBSAE prior vertex 10 has 1 allocated safe frontier candidates, local_filter_ms=23.4.
[exploration_coordinator-13] [INFO] [1782464390.155810747] [exploration_coordinator]: Checking GBSAE allocated frontier source=unknown, information_gain=0.65m^2.
[exploration_coordinator-13] [INFO] [1782464390.160902026] [exploration_coordinator]: Navigating to frontier goal=(-0.98, -3.12), size=173, cost=2.14, source=unknown, information_gain=0.65m^2
[bt_navigator-9] [INFO] [1782464390.161280299] [bt_navigator]: Begin navigating from current location (0.88, -2.19) to (-0.98, -3.12)
[controller_server-5] [INFO] [1782464390.181582966] [controller_server]: Received a goal, begin computing control effort.
[controller_server-5] [INFO] [1782464391.231764614] [controller_server]: Passing new path to controller.
[controller_server-5] [INFO] [1782464392.281762193] [controller_server]: Passing new path to controller.
[controller_server-5] [INFO] [1782464393.033268475] [controller_server]: Reached the goal!
[bt_navigator-9] [INFO] [1782464393.071506040] [bt_navigator]: Goal succeeded
[exploration_coordinator-13] [INFO] [1782464393.071726484] [exploration_coordinator]: Nav2 reached the active frontier goal.
[exploration_coordinator-13] [INFO] [1782464393.071982521] [exploration_coordinator]: Probing beyond unknown frontier with Nav2 DriveOnHeading: distance=0.45m, speed=0.20m/s.
[behavior_server-8] [INFO] [1782464393.072229996] [behavior_server]: Running drive_on_heading
[behavior_server-8] [INFO] [1782464393.772413133] [behavior_server]: drive_on_heading completed successfully
[exploration_coordinator-13] [INFO] [1782464393.772974293] [exploration_coordinator]: Frontier Nav2 probe completed.
[exploration_coordinator-13] [INFO] [1782464393.803213750] [exploration_coordinator]: GBSAE prior vertex 10 has 1 allocated safe frontier candidates, local_filter_ms=24.4.
[exploration_coordinator-13] [INFO] [1782464393.803364615] [exploration_coordinator]: Checking GBSAE allocated frontier source=unknown, information_gain=1.24m^2.
[exploration_coordinator-13] [INFO] [1782464393.808244326] [exploration_coordinator]: Navigating to frontier goal=(0.42, -1.47), size=173, cost=1.70, source=unknown, information_gain=1.24m^2
[bt_navigator-9] [INFO] [1782464393.808908207] [bt_navigator]: Begin navigating from current location (-0.36, -2.91) to (0.42, -1.47)
[controller_server-5] [INFO] [1782464393.829178839] [controller_server]: Received a goal, begin computing control effort.
[planner_server-7] [INFO] [1782464394.003701068] [global_costmap.global_costmap]: StaticLayer: Resizing static layer to 186 X 162 at 0.050000 m/pix
[planner_server-7] [WARN] [1782464394.839737924] [planner_server]: Planner loop missed its desired rate of 20.0000 Hz. Current loop rate is 10.0000 Hz
[controller_server-5] [INFO] [1782464394.879360442] [controller_server]: Passing new path to controller.
[controller_server-5] [INFO] [1782464395.929359537] [controller_server]: Passing new path to controller.
[controller_server-5] [INFO] [1782464396.030861337] [controller_server]: Reached the goal!
[bt_navigator-9] [INFO] [1782464396.069328700] [bt_navigator]: Goal succeeded
[exploration_coordinator-13] [INFO] [1782464396.069343842] [exploration_coordinator]: Nav2 reached the active frontier goal.
[exploration_coordinator-13] [INFO] [1782464396.069570986] [exploration_coordinator]: Aligning with unknown frontier normal using Nav2 Spin: delta=0.37 rad.
[behavior_server-8] [INFO] [1782464396.069929708] [behavior_server]: Running spin
[behavior_server-8] [INFO] [1782464396.069978738] [behavior_server]: Turning 0.37 for spin behavior.
[behavior_server-8] [INFO] [1782464396.370152667] [behavior_server]: spin completed successfully
[exploration_coordinator-13] [INFO] [1782464396.371233260] [exploration_coordinator]: Probing beyond unknown frontier with Nav2 DriveOnHeading: distance=0.45m, speed=0.20m/s.
[behavior_server-8] [INFO] [1782464396.371684189] [behavior_server]: Running drive_on_heading
[behavior_server-8] [INFO] [1782464396.871944376] [behavior_server]: drive_on_heading completed successfully
[exploration_coordinator-13] [INFO] [1782464396.872997134] [exploration_coordinator]: Frontier Nav2 probe completed.
[exploration_coordinator-13] [INFO] [1782464396.908804044] [exploration_coordinator]: Checking GBSAE prior vertex 10 at (0.20, -2.60).
[exploration_coordinator-13] [INFO] [1782464396.912915727] [exploration_coordinator]: Navigating directly to GBSAE prior vertex 10: goal=(0.20, -2.60), cost=0.73.
[bt_navigator-9] [INFO] [1782464396.913289489] [bt_navigator]: Begin navigating from current location (0.60, -2.01) to (0.20, -2.60)
[controller_server-5] [INFO] [1782464396.933535335] [controller_server]: Received a goal, begin computing control effort.
[controller_server-5] [INFO] [1782464397.983709460] [controller_server]: Passing new path to controller.
[controller_server-5] [INFO] [1782464398.635211438] [controller_server]: Reached the goal!
[bt_navigator-9] [INFO] [1782464398.673734336] [bt_navigator]: Goal succeeded
[exploration_coordinator-13] [INFO] [1782464398.676765488] [exploration_coordinator]: Nav2 reached GBSAE prior vertex 10.
[exploration_coordinator-13] [INFO] [1782464398.716076647] [exploration_coordinator]: Checking GBSAE prior vertex 11 loop revisit at (-1.80, -2.60).
[exploration_coordinator-13] [INFO] [1782464398.725088580] [exploration_coordinator]: Navigating directly to GBSAE prior vertex 11 loop revisit: goal=(-1.80, -2.60), cost=2.17.
[bt_navigator-9] [INFO] [1782464398.725645380] [bt_navigator]: Begin navigating from current location (0.36, -2.56) to (-1.80, -2.60)
[controller_server-5] [INFO] [1782464398.745951261] [controller_server]: Received a goal, begin computing control effort.
[controller_server-5] [INFO] [1782464399.796124795] [controller_server]: Passing new path to controller.
[controller_server-5] [INFO] [1782464400.846123384] [controller_server]: Passing new path to controller.
[planner_server-7] [WARN] [1782464401.816405568] [planner_server]: Planner loop missed its desired rate of 20.0000 Hz. Current loop rate is 10.0000 Hz
[controller_server-5] [INFO] [1782464401.846122210] [controller_server]: Passing new path to controller.
[controller_server-5] [INFO] [1782464402.047598069] [controller_server]: Reached the goal!
[exploration_coordinator-13] [INFO] [1782464402.086063901] [exploration_coordinator]: Nav2 reached GBSAE prior vertex 11 during loop revisit.
[bt_navigator-9] [INFO] [1782464402.086063843] [bt_navigator]: Goal succeeded
[exploration_coordinator-13] [INFO] [1782464402.119262000] [exploration_coordinator]: Checking GBSAE prior vertex 10 loop revisit at (0.20, -2.60).
[exploration_coordinator-13] [INFO] [1782464402.124134584] [exploration_coordinator]: Navigating directly to GBSAE prior vertex 10 loop revisit: goal=(0.20, -2.60), cost=1.80.
[bt_navigator-9] [INFO] [1782464402.124685936] [bt_navigator]: Begin navigating from current location (-1.61, -2.61) to (0.20, -2.60)
[controller_server-5] [INFO] [1782464402.145082794] [controller_server]: Received a goal, begin computing control effort.
[controller_server-5] [INFO] [1782464403.195267644] [controller_server]: Passing new path to controller.
[controller_server-5] [INFO] [1782464403.496418356] [controller_server]: Reached the goal!
[bt_navigator-9] [INFO] [1782464403.535112350] [bt_navigator]: Goal succeeded
[exploration_coordinator-13] [INFO] [1782464403.535117102] [exploration_coordinator]: Nav2 reached GBSAE prior vertex 10 during loop revisit.
[exploration_coordinator-13] [INFO] [1782464403.564146942] [exploration_coordinator]: Checking GBSAE prior vertex 16 at (0.35, -3.25).
[exploration_coordinator-13] [INFO] [1782464403.568548349] [exploration_coordinator]: Navigating directly to GBSAE prior vertex 16: goal=(0.35, -3.25), cost=0.76.
[bt_navigator-9] [INFO] [1782464403.568879454] [bt_navigator]: Begin navigating from current location (0.00, -2.59) to (0.35, -3.25)
[controller_server-5] [INFO] [1782464403.589132104] [controller_server]: Received a goal, begin computing control effort.
[controller_server-5] [INFO] [1782464404.639317494] [controller_server]: Passing new path to controller.
[controller_server-5] [INFO] [1782464404.940781108] [controller_server]: Reached the goal!
[bt_navigator-9] [INFO] [1782464404.979156543] [bt_navigator]: Goal succeeded
[exploration_coordinator-13] [INFO] [1782464404.979432860] [exploration_coordinator]: Nav2 reached GBSAE prior vertex 16.
[exploration_coordinator-13] [INFO] [1782464405.007711668] [exploration_coordinator]: Checking GBSAE prior vertex 15 loop revisit at (-1.35, -3.25).
[exploration_coordinator-13] [INFO] [1782464405.012673163] [exploration_coordinator]: Navigating directly to GBSAE prior vertex 15 loop revisit: goal=(-1.35, -3.25), cost=1.79.
[bt_navigator-9] [INFO] [1782464405.013262917] [bt_navigator]: Begin navigating from current location (0.38, -3.07) to (-1.35, -3.25)
[controller_server-5] [INFO] [1782464405.033581946] [controller_server]: Received a goal, begin computing control effort.
[controller_server-5] [INFO] [1782464406.083753785] [controller_server]: Passing new path to controller.
[controller_server-5] [INFO] [1782464407.133752762] [controller_server]: Passing new path to controller.
[controller_server-5] [INFO] [1782464407.735222154] [controller_server]: Reached the goal!
[bt_navigator-9] [INFO] [1782464407.773702094] [bt_navigator]: Goal succeeded
[exploration_coordinator-13] [INFO] [1782464407.773712103] [exploration_coordinator]: Nav2 reached GBSAE prior vertex 15 during loop revisit.
[exploration_coordinator-13] [INFO] [1782464407.810687920] [exploration_coordinator]: Checking GBSAE prior vertex 16 loop revisit at (0.35, -3.25).
[exploration_coordinator-13] [INFO] [1782464407.815545625] [exploration_coordinator]: Navigating directly to GBSAE prior vertex 16 loop revisit: goal=(0.35, -3.25), cost=1.52.
[bt_navigator-9] [INFO] [1782464407.816203530] [bt_navigator]: Begin navigating from current location (-1.16, -3.21) to (0.35, -3.25)
[controller_server-5] [INFO] [1782464407.836505740] [controller_server]: Received a goal, begin computing control effort.
[controller_server-5] [INFO] [1782464408.886691456] [controller_server]: Passing new path to controller.
[controller_server-5] [INFO] [1782464408.937808103] [controller_server]: Reached the goal!
[bt_navigator-9] [INFO] [1782464408.976616319] [bt_navigator]: Goal succeeded
[exploration_coordinator-13] [INFO] [1782464408.976683922] [exploration_coordinator]: Nav2 reached GBSAE prior vertex 16 during loop revisit.
[exploration_coordinator-13] [INFO] [1782464409.013876359] [exploration_coordinator]: Checking GBSAE prior vertex 17 at (2.05, -3.25).
[exploration_coordinator-13] [INFO] [1782464409.019042940] [exploration_coordinator]: Navigating directly to GBSAE prior vertex 17: goal=(2.05, -3.25), cost=1.92.
[bt_navigator-9] [INFO] [1782464409.019628724] [bt_navigator]: Begin navigating from current location (0.17, -3.20) to (2.05, -3.25)
[controller_server-5] [INFO] [1782464409.039928805] [controller_server]: Received a goal, begin computing control effort.
[controller_server-5] [INFO] [1782464410.090104818] [controller_server]: Passing new path to controller.
[controller_server-5] [INFO] [1782464410.441307073] [controller_server]: Reached the goal!
[bt_navigator-9] [INFO] [1782464410.479894066] [bt_navigator]: Goal succeeded
[exploration_coordinator-13] [INFO] [1782464410.480314061] [exploration_coordinator]: Nav2 reached GBSAE prior vertex 17.
[exploration_coordinator-13] [INFO] [1782464410.497111910] [exploration_coordinator]: Checking GBSAE prior vertex 10 loop revisit at (0.20, -2.60).
[exploration_coordinator-13] [INFO] [1782464410.502203253] [exploration_coordinator]: Navigating directly to GBSAE prior vertex 10 loop revisit: goal=(0.20, -2.60), cost=1.78.
[bt_navigator-9] [INFO] [1782464410.502810489] [bt_navigator]: Begin navigating from current location (1.86, -3.21) to (0.20, -2.60)
[controller_server-5] [INFO] [1782464410.523104435] [controller_server]: Received a goal, begin computing control effort.
[controller_server-5] [INFO] [1782464411.573286210] [controller_server]: Passing new path to controller.
[controller_server-5] [INFO] [1782464412.623287425] [controller_server]: Passing new path to controller.
[controller_server-5] [INFO] [1782464413.224781114] [controller_server]: Reached the goal!
[bt_navigator-9] [INFO] [1782464413.263063799] [bt_navigator]: Goal succeeded
[exploration_coordinator-13] [INFO] [1782464413.266662523] [exploration_coordinator]: Nav2 reached GBSAE prior vertex 10 during loop revisit.
[exploration_coordinator-13] [INFO] [1782464413.304116470] [exploration_coordinator]: Checking GBSAE prior vertex 17 loop revisit at (2.05, -3.25).
[exploration_coordinator-13] [INFO] [1782464413.309439716] [exploration_coordinator]: Navigating directly to GBSAE prior vertex 17 loop revisit: goal=(2.05, -3.25), cost=1.82.
[bt_navigator-9] [INFO] [1782464413.310027671] [bt_navigator]: Begin navigating from current location (0.34, -2.67) to (2.05, -3.25)
[controller_server-5] [INFO] [1782464413.330343368] [controller_server]: Received a goal, begin computing control effort.
[planner_server-7] [INFO] [1782464414.045300528] [global_costmap.global_costmap]: StaticLayer: Resizing static layer to 203 X 162 at 0.050000 m/pix
[controller_server-5] [INFO] [1782464414.380532069] [controller_server]: Passing new path to controller.
[controller_server-5] [INFO] [1782464414.982083585] [controller_server]: Reached the goal!
[bt_navigator-9] [INFO] [1782464415.020277937] [bt_navigator]: Goal succeeded
[exploration_coordinator-13] [INFO] [1782464415.020523359] [exploration_coordinator]: Nav2 reached GBSAE prior vertex 17 during loop revisit.
[exploration_coordinator-13] [INFO] [1782464415.027370162] [exploration_coordinator]: Checking GBSAE prior vertex 9 at (2.50, -2.60).
[exploration_coordinator-13] [INFO] [1782464415.032206855] [exploration_coordinator]: Navigating directly to GBSAE prior vertex 9: goal=(2.50, -2.60), cost=0.85.
[bt_navigator-9] [INFO] [1782464415.032793835] [bt_navigator]: Begin navigating from current location (1.89, -3.19) to (2.50, -2.60)
[controller_server-5] [INFO] [1782464415.053095010] [controller_server]: Received a goal, begin computing control effort.
[controller_server-5] [INFO] [1782464416.103259695] [controller_server]: Passing new path to controller.
[controller_server-5] [INFO] [1782464416.354888805] [controller_server]: Reached the goal!
[bt_navigator-9] [INFO] [1782464416.393079524] [bt_navigator]: Goal succeeded
[exploration_coordinator-13] [INFO] [1782464416.393303608] [exploration_coordinator]: Nav2 reached GBSAE prior vertex 9.
[exploration_coordinator-13] [INFO] [1782464416.429701048] [exploration_coordinator]: Checking GBSAE prior vertex 16 loop revisit at (0.35, -3.25).
[exploration_coordinator-13] [INFO] [1782464416.435393589] [exploration_coordinator]: Navigating directly to GBSAE prior vertex 16 loop revisit: goal=(0.35, -3.25), cost=2.17.
[bt_navigator-9] [INFO] [1782464416.436000351] [bt_navigator]: Begin navigating from current location (2.45, -2.78) to (0.35, -3.25)
[controller_server-5] [INFO] [1782464416.456307085] [controller_server]: Received a goal, begin computing control effort.
[controller_server-5] [INFO] [1782464417.506491732] [controller_server]: Passing new path to controller.
[controller_server-5] [INFO] [1782464418.556491424] [controller_server]: Passing new path to controller.
[controller_server-5] [INFO] [1782464419.556492435] [controller_server]: Passing new path to controller.
[controller_server-5] [INFO] [1782464419.558348965] [controller_server]: Reached the goal!
[bt_navigator-9] [INFO] [1782464419.606252022] [bt_navigator]: Goal succeeded
[exploration_coordinator-13] [INFO] [1782464419.606430595] [exploration_coordinator]: Nav2 reached GBSAE prior vertex 16 during loop revisit.
[exploration_coordinator-13] [INFO] [1782464419.637119683] [exploration_coordinator]: Checking GBSAE prior vertex 9 loop revisit at (2.50, -2.60).
[exploration_coordinator-13] [INFO] [1782464419.642841139] [exploration_coordinator]: Navigating directly to GBSAE prior vertex 9 loop revisit: goal=(2.50, -2.60), cost=2.07.
[bt_navigator-9] [INFO] [1782464419.643211507] [bt_navigator]: Begin navigating from current location (0.54, -3.15) to (2.50, -2.60)
[controller_server-5] [INFO] [1782464419.663525589] [controller_server]: Received a goal, begin computing control effort.
[controller_server-5] [INFO] [1782464420.713696673] [controller_server]: Passing new path to controller.
[controller_server-5] [INFO] [1782464421.415255097] [controller_server]: Reached the goal!
[bt_navigator-9] [INFO] [1782464421.453654952] [bt_navigator]: Goal succeeded
[exploration_coordinator-13] [INFO] [1782464421.453918454] [exploration_coordinator]: Nav2 reached GBSAE prior vertex 9 during loop revisit.
[exploration_coordinator-13] [INFO] [1782464421.484331151] [exploration_coordinator]: Checking GBSAE prior vertex 21 at (0.35, -1.55).
[exploration_coordinator-13] [INFO] [1782464421.492251747] [exploration_coordinator]: Navigating directly to GBSAE prior vertex 21: goal=(0.35, -1.55), cost=2.42.
[bt_navigator-9] [INFO] [1782464421.492848652] [bt_navigator]: Begin navigating from current location (2.36, -2.68) to (0.35, -1.55)
[controller_server-5] [INFO] [1782464421.513170121] [controller_server]: Received a goal, begin computing control effort.
[controller_server-5] [INFO] [1782464422.563351840] [controller_server]: Passing new path to controller.
[controller_server-5] [INFO] [1782464423.613353207] [controller_server]: Passing new path to controller.
[planner_server-7] [INFO] [1782464424.061203425] [global_costmap.global_costmap]: StaticLayer: Resizing static layer to 213 X 162 at 0.050000 m/pix
[controller_server-5] [INFO] [1782464424.464837833] [controller_server]: Reached the goal!
[bt_navigator-9] [INFO] [1782464424.503100069] [bt_navigator]: Goal succeeded
[exploration_coordinator-13] [INFO] [1782464424.503420352] [exploration_coordinator]: Nav2 reached GBSAE prior vertex 21.
[exploration_coordinator-13] [INFO] [1782464424.529324009] [exploration_coordinator]: Checking GBSAE prior vertex 10 loop revisit at (0.20, -2.60).
[exploration_coordinator-13] [INFO] [1782464424.534530906] [exploration_coordinator]: Navigating directly to GBSAE prior vertex 10 loop revisit: goal=(0.20, -2.60), cost=0.90.
[bt_navigator-9] [INFO] [1782464424.534936842] [bt_navigator]: Begin navigating from current location (0.46, -1.73) to (0.20, -2.60)
[controller_server-5] [INFO] [1782464424.555255714] [controller_server]: Received a goal, begin computing control effort.
[controller_server-5] [INFO] [1782464425.605423514] [controller_server]: Passing new path to controller.
[controller_server-5] [INFO] [1782464426.406919197] [controller_server]: Reached the goal!
[bt_navigator-9] [INFO] [1782464426.445206814] [bt_navigator]: Goal succeeded
[exploration_coordinator-13] [INFO] [1782464426.445679906] [exploration_coordinator]: Nav2 reached GBSAE prior vertex 10 during loop revisit.
[exploration_coordinator-13] [INFO] [1782464426.452952176] [exploration_coordinator]: Checking GBSAE prior vertex 21 loop revisit at (0.35, -1.55).
[exploration_coordinator-13] [INFO] [1782464426.457941548] [exploration_coordinator]: Navigating directly to GBSAE prior vertex 21 loop revisit: goal=(0.35, -1.55), cost=0.92.
[bt_navigator-9] [INFO] [1782464426.458296778] [bt_navigator]: Begin navigating from current location (0.30, -2.44) to (0.35, -1.55)
[controller_server-5] [INFO] [1782464426.478589869] [controller_server]: Received a goal, begin computing control effort.
[controller_server-5] [INFO] [1782464427.528767523] [controller_server]: Passing new path to controller.
[controller_server-5] [INFO] [1782464428.030255075] [controller_server]: Reached the goal!
[bt_navigator-9] [INFO] [1782464428.068729914] [bt_navigator]: Goal succeeded
[exploration_coordinator-13] [INFO] [1782464428.068782754] [exploration_coordinator]: Nav2 reached GBSAE prior vertex 21 during loop revisit.
[exploration_coordinator-13] [INFO] [1782464428.094892010] [exploration_coordinator]: Checking GBSAE prior vertex 25 at (0.35, 0.15).
[exploration_coordinator-13] [INFO] [1782464428.100526932] [exploration_coordinator]: Navigating directly to GBSAE prior vertex 25: goal=(0.35, 0.15), cost=1.85.
[bt_navigator-9] [INFO] [1782464428.101094216] [bt_navigator]: Begin navigating from current location (0.33, -1.70) to (0.35, 0.15)
[controller_server-5] [INFO] [1782464428.121358919] [controller_server]: Received a goal, begin computing control effort.
[controller_server-5] [INFO] [1782464429.171537146] [controller_server]: Passing new path to controller.
[controller_server-5] [INFO] [1782464430.221537896] [controller_server]: Passing new path to controller.
[controller_server-5] [INFO] [1782464430.423027617] [controller_server]: Reached the goal!
[bt_navigator-9] [INFO] [1782464430.461519374] [bt_navigator]: Goal succeeded
[exploration_coordinator-13] [INFO] [1782464430.461531117] [exploration_coordinator]: Nav2 reached GBSAE prior vertex 25.
[exploration_coordinator-13] [INFO] [1782464430.499250577] [exploration_coordinator]: Checking GBSAE prior vertex 24 loop revisit at (-1.35, 0.15).
[exploration_coordinator-13] [INFO] [1782464430.505120908] [exploration_coordinator]: Navigating directly to GBSAE prior vertex 24 loop revisit: goal=(-1.35, 0.15), cost=1.94.
[bt_navigator-9] [INFO] [1782464430.505692240] [bt_navigator]: Begin navigating from current location (0.36, -0.08) to (-1.35, 0.15)
[controller_server-5] [INFO] [1782464430.526013233] [controller_server]: Received a goal, begin computing control effort.
[controller_server-5] [INFO] [1782464431.576169128] [controller_server]: Passing new path to controller.
[controller_server-5] [INFO] [1782464432.626164349] [controller_server]: Passing new path to controller.
[controller_server-5] [INFO] [1782464433.327679679] [controller_server]: Reached the goal!
[bt_navigator-9] [INFO] [1782464433.366133881] [bt_navigator]: Goal succeeded
[exploration_coordinator-13] [INFO] [1782464433.366405199] [exploration_coordinator]: Nav2 reached GBSAE prior vertex 24 during loop revisit.
[exploration_coordinator-13] [INFO] [1782464433.386704948] [exploration_coordinator]: Checking GBSAE prior vertex 25 loop revisit at (0.35, 0.15).
[exploration_coordinator-13] [INFO] [1782464433.392569247] [exploration_coordinator]: Navigating directly to GBSAE prior vertex 25 loop revisit: goal=(0.35, 0.15), cost=1.62.
[bt_navigator-9] [INFO] [1782464433.393151693] [bt_navigator]: Begin navigating from current location (-1.25, 0.06) to (0.35, 0.15)
[controller_server-5] [INFO] [1782464433.413420279] [controller_server]: Received a goal, begin computing control effort.
[controller_server-5] [INFO] [1782464434.463540413] [controller_server]: Passing new path to controller.
[controller_server-5] [INFO] [1782464434.564708733] [controller_server]: Reached the goal!
[bt_navigator-9] [INFO] [1782464434.603389113] [bt_navigator]: Goal succeeded
[exploration_coordinator-13] [INFO] [1782464434.603815210] [exploration_coordinator]: Nav2 reached GBSAE prior vertex 25 during loop revisit.
[exploration_coordinator-13] [INFO] [1782464434.628873171] [exploration_coordinator]: Checking GBSAE prior vertex 29 at (0.35, 1.85).
[exploration_coordinator-13] [INFO] [1782464434.637605068] [exploration_coordinator]: Navigating directly to GBSAE prior vertex 29: goal=(0.35, 1.85), cost=1.81.
[bt_navigator-9] [INFO] [1782464434.638198786] [bt_navigator]: Begin navigating from current location (0.14, 0.11) to (0.35, 1.85)
[controller_server-5] [INFO] [1782464434.658483659] [controller_server]: Received a goal, begin computing control effort.
[controller_server-5] [INFO] [1782464435.708654939] [controller_server]: Passing new path to controller.
[controller_server-5] [INFO] [1782464436.758656683] [controller_server]: Passing new path to controller.
[controller_server-5] [INFO] [1782464436.760231194] [controller_server]: Reached the goal!
[bt_navigator-9] [INFO] [1782464436.808633624] [bt_navigator]: Goal succeeded
[exploration_coordinator-13] [INFO] [1782464436.808928354] [exploration_coordinator]: Nav2 reached GBSAE prior vertex 29.
[exploration_coordinator-13] [INFO] [1782464436.830796845] [exploration_coordinator]: Checking GBSAE prior vertex 24 loop revisit at (-1.35, 0.15).
[exploration_coordinator-13] [INFO] [1782464436.837364032] [exploration_coordinator]: Navigating directly to GBSAE prior vertex 24 loop revisit: goal=(-1.35, 0.15), cost=2.62.
[bt_navigator-9] [INFO] [1782464436.837728381] [bt_navigator]: Begin navigating from current location (0.28, 1.65) to (-1.35, 0.15)
[controller_server-5] [INFO] [1782464436.858046830] [controller_server]: Received a goal, begin computing control effort.
[planner_server-7] [WARN] [1782464437.868792849] [planner_server]: Planner loop missed its desired rate of 20.0000 Hz. Current loop rate is 10.0000 Hz
[controller_server-5] [INFO] [1782464437.908228274] [controller_server]: Passing new path to controller.
[controller_server-5] [INFO] [1782464438.958227517] [controller_server]: Passing new path to controller.
[controller_server-5] [INFO] [1782464439.958227933] [controller_server]: Passing new path to controller.
[controller_server-5] [INFO] [1782464440.159724896] [controller_server]: Reached the goal!
[bt_navigator-9] [INFO] [1782464440.198170993] [bt_navigator]: Goal succeeded
[exploration_coordinator-13] [INFO] [1782464440.198176061] [exploration_coordinator]: Nav2 reached GBSAE prior vertex 24 during loop revisit.
[exploration_coordinator-13] [INFO] [1782464440.233721018] [exploration_coordinator]: Checking GBSAE prior vertex 29 loop revisit at (0.35, 1.85).
[exploration_coordinator-13] [INFO] [1782464440.251219391] [exploration_coordinator]: Navigating directly to GBSAE prior vertex 29 loop revisit: goal=(0.35, 1.85), cost=2.50.
[bt_navigator-9] [INFO] [1782464440.251941204] [bt_navigator]: Begin navigating from current location (-1.17, 0.11) to (0.35, 1.85)
[controller_server-5] [INFO] [1782464440.272281128] [controller_server]: Received a goal, begin computing control effort.
[controller_server-5] [INFO] [1782464441.322452398] [controller_server]: Passing new path to controller.
[controller_server-5] [INFO] [1782464442.372454795] [controller_server]: Passing new path to controller.
[controller_server-5] [INFO] [1782464442.523974574] [controller_server]: Reached the goal!
[bt_navigator-9] [INFO] [1782464442.562186340] [bt_navigator]: Goal succeeded
[exploration_coordinator-13] [INFO] [1782464442.562365977] [exploration_coordinator]: Nav2 reached GBSAE prior vertex 29 during loop revisit.
[exploration_coordinator-13] [INFO] [1782464442.596272394] [exploration_coordinator]: Checking GBSAE prior vertex 4 at (0.20, 2.60).
[exploration_coordinator-13] [INFO] [1782464442.601920484] [exploration_coordinator]: Navigating directly to GBSAE prior vertex 4: goal=(0.20, 2.60), cost=0.90.
[bt_navigator-9] [INFO] [1782464442.602509798] [bt_navigator]: Begin navigating from current location (0.22, 1.71) to (0.20, 2.60)
[controller_server-5] [INFO] [1782464442.622833414] [controller_server]: Received a goal, begin computing control effort.
[robot_state_publisher-2] sequence size exceeds remaining buffer
[exploration_coordinator-13] sequence size exceeds remaining buffer
[exploration_coordinator-13] sequence size exceeds remaining buffer
[smoother_server-6] sequence size exceeds remaining buffer
[planner_server-7] sequence size exceeds remaining buffer
[behavior_server-8] sequence size exceeds remaining buffer
[behavior_server-8] sequence size exceeds remaining buffer
[behavior_server-8] sequence size exceeds remaining buffer
[slam_evaluator-14] sequence size exceeds remaining buffer
[velocity_smoother-11] sequence size exceeds remaining buffer
[gzserver-1] sequence size exceeds remaining buffer
[exploration_coordinator-13] sequence size exceeds remaining buffer
[gzserver-1] sequence size exceeds remaining buffer
[velocity_smoother-11] sequence size exceeds remaining buffer
[exploration_coordinator-13] sequence size exceeds remaining buffer
[planner_server-7] sequence size exceeds remaining buffer
[sync_slam_toolbox_node-4] sequence size exceeds remaining buffer
[lifecycle_manager-12] sequence size exceeds remaining buffer
[lifecycle_manager-12] sequence size exceeds remaining buffer
[controller_server-5] sequence size exceeds remaining buffer
[waypoint_follower-10] sequence size exceeds remaining buffer
[behavior_server-8] sequence size exceeds remaining buffer
[behavior_server-8] sequence size exceeds remaining buffer
[planner_server-7] sequence size exceeds remaining buffer
[controller_server-5] sequence size exceeds remaining buffer
[sync_slam_toolbox_node-4] sequence size exceeds remaining buffer
[robot_state_publisher-2] sequence size exceeds remaining buffer
[smoother_server-6] sequence size exceeds remaining buffer
[gzserver-1] sequence size exceeds remaining buffer
[velocity_smoother-11] sequence size exceeds remaining buffer
[velocity_smoother-11] sequence size exceeds remaining buffer
[robot_state_publisher-2] sequence size exceeds remaining buffer
[smoother_server-6] sequence size exceeds remaining buffer
[behavior_server-8] sequence size exceeds remaining buffer
[bt_navigator-9] sequence size exceeds remaining buffer
[bt_navigator-9] sequence size exceeds remaining buffer
[bt_navigator-9] sequence size exceeds remaining buffer
[controller_server-5] sequence size exceeds remaining buffer
[waypoint_follower-10] sequence size exceeds remaining buffer
[slam_evaluator-14] sequence size exceeds remaining buffer
[bt_navigator-9] sequence size exceeds remaining buffer
[waypoint_follower-10] sequence size exceeds remaining buffer
[planner_server-7] sequence size exceeds remaining buffer
[bt_navigator-9] sequence size exceeds remaining buffer
[robot_state_publisher-2] sequence size exceeds remaining buffer
[slam_evaluator-14] sequence size exceeds remaining buffer
[controller_server-5] sequence size exceeds remaining buffer
[robot_state_publisher-2] sequence size exceeds remaining buffer
[slam_evaluator-14] sequence size exceeds remaining buffer
[waypoint_follower-10] sequence size exceeds remaining buffer
[waypoint_follower-10] sequence size exceeds remaining buffer
[smoother_server-6] sequence size exceeds remaining buffer
[exploration_coordinator-13] sequence size exceeds remaining buffer
[gzserver-1] sequence size exceeds remaining buffer
[gzserver-1] sequence size exceeds remaining buffer
[velocity_smoother-11] sequence size exceeds remaining buffer
[waypoint_follower-10] sequence size exceeds remaining buffer
[lifecycle_manager-12] sequence size exceeds remaining buffer
[controller_server-5] sequence size exceeds remaining buffer
[slam_evaluator-14] sequence size exceeds remaining buffer
[sync_slam_toolbox_node-4] sequence size exceeds remaining buffer
[gzserver-1] sequence size exceeds remaining buffer
[smoother_server-6] sequence size exceeds remaining buffer
[planner_server-7] sequence size exceeds remaining buffer
[slam_evaluator-14] sequence size exceeds remaining buffer
[sync_slam_toolbox_node-4] sequence size exceeds remaining buffer
[smoother_server-6] sequence size exceeds remaining buffer
[smoother_server-6] sequence size exceeds remaining buffer
[exploration_coordinator-13] sequence size exceeds remaining buffer
[behavior_server-8] sequence size exceeds remaining buffer
[bt_navigator-9] sequence size exceeds remaining buffer
[lifecycle_manager-12] sequence size exceeds remaining buffer
[robot_state_publisher-2] sequence size exceeds remaining buffer
[slam_evaluator-14] sequence size exceeds remaining buffer
[slam_evaluator-14] sequence size exceeds remaining buffer
[exploration_coordinator-13] sequence size exceeds remaining buffer
[bt_navigator-9] sequence size exceeds remaining buffer
[waypoint_follower-10] sequence size exceeds remaining buffer
[controller_server-5] sequence size exceeds remaining buffer
[lifecycle_manager-12] sequence size exceeds remaining buffer
[gzserver-1] sequence size exceeds remaining buffer
[velocity_smoother-11] sequence size exceeds remaining buffer
[exploration_coordinator-13] sequence size exceeds remaining buffer
[waypoint_follower-10] sequence size exceeds remaining buffer
[controller_server-5] sequence size exceeds remaining buffer
[smoother_server-6] sequence size exceeds remaining buffer
[smoother_server-6] sequence size exceeds remaining buffer
[slam_evaluator-14] sequence size exceeds remaining buffer
[slam_evaluator-14] sequence size exceeds remaining buffer
[behavior_server-8] sequence size exceeds remaining buffer
[gzserver-1] sequence size exceeds remaining buffer
[velocity_smoother-11] sequence size exceeds remaining buffer
[velocity_smoother-11] sequence size exceeds remaining buffer
[lifecycle_manager-12] sequence size exceeds remaining buffer
[planner_server-7] sequence size exceeds remaining buffer
[lifecycle_manager-12] sequence size exceeds remaining buffer
[sync_slam_toolbox_node-4] sequence size exceeds remaining buffer
[exploration_coordinator-13] sequence size exceeds remaining buffer
[gzserver-1] sequence size exceeds remaining buffer
[smoother_server-6] sequence size exceeds remaining buffer
[planner_server-7] sequence size exceeds remaining buffer
[slam_evaluator-14] sequence size exceeds remaining buffer
[sync_slam_toolbox_node-4] sequence size exceeds remaining buffer
[planner_server-7] sequence size exceeds remaining buffer
[planner_server-7] sequence size exceeds remaining buffer
[planner_server-7] sequence size exceeds remaining buffer
[sync_slam_toolbox_node-4] sequence size exceeds remaining buffer
[lifecycle_manager-12] sequence size exceeds remaining buffer
[controller_server-5] sequence size exceeds remaining buffer
[waypoint_follower-10] sequence size exceeds remaining buffer
[behavior_server-8] sequence size exceeds remaining buffer
[planner_server-7] sequence size exceeds remaining buffer
[lifecycle_manager-12] sequence size exceeds remaining buffer
[exploration_coordinator-13] sequence size exceeds remaining buffer
[velocity_smoother-11] sequence size exceeds remaining buffer
[smoother_server-6] sequence size exceeds remaining buffer
[sync_slam_toolbox_node-4] sequence size exceeds remaining buffer
[velocity_smoother-11] sequence size exceeds remaining buffer
[lifecycle_manager-12] sequence size exceeds remaining buffer
[robot_state_publisher-2] sequence size exceeds remaining buffer
[velocity_smoother-11] sequence size exceeds remaining buffer
[bt_navigator-9] sequence size exceeds remaining buffer
[bt_navigator-9] sequence size exceeds remaining buffer
[bt_navigator-9] sequence size exceeds remaining buffer
[waypoint_follower-10] sequence size exceeds remaining buffer
[controller_server-5] sequence size exceeds remaining buffer
[bt_navigator-9] sequence size exceeds remaining buffer
[controller_server-5] sequence size exceeds remaining buffer
[robot_state_publisher-2] sequence size exceeds remaining buffer
[slam_evaluator-14] sequence size exceeds remaining buffer
[lifecycle_manager-12] sequence size exceeds remaining buffer
[gzserver-1] sequence size exceeds remaining buffer
[velocity_smoother-11] sequence size exceeds remaining buffer
[exploration_coordinator-13] sequence size exceeds remaining buffer
[exploration_coordinator-13] sequence size exceeds remaining buffer
[planner_server-7] sequence size exceeds remaining buffer
[robot_state_publisher-2] sequence size exceeds remaining buffer
[velocity_smoother-11] sequence size exceeds remaining buffer
[waypoint_follower-10] sequence size exceeds remaining buffer
[lifecycle_manager-12] sequence size exceeds remaining buffer
[sync_slam_toolbox_node-4] sequence size exceeds remaining buffer
[controller_server-5] sequence size exceeds remaining buffer
[slam_evaluator-14] sequence size exceeds remaining buffer
[smoother_server-6] sequence size exceeds remaining buffer
[lifecycle_manager-12] sequence size exceeds remaining buffer
[velocity_smoother-11] sequence size exceeds remaining buffer
[exploration_coordinator-13] sequence size exceeds remaining buffer
[planner_server-7] sequence size exceeds remaining buffer
[gzserver-1] sequence size exceeds remaining buffer
[gzserver-1] sequence size exceeds remaining buffer
[waypoint_follower-10] sequence size exceeds remaining buffer
[controller_server-5] sequence size exceeds remaining buffer
[planner_server-7] sequence size exceeds remaining buffer
[slam_evaluator-14] sequence size exceeds remaining buffer
[slam_evaluator-14] sequence size exceeds remaining buffer
[sync_slam_toolbox_node-4] sequence size exceeds remaining buffer
[smoother_server-6] sequence size exceeds remaining buffer
[smoother_server-6] sequence size exceeds remaining buffer
[exploration_coordinator-13] sequence size exceeds remaining buffer
[sync_slam_toolbox_node-4] sequence size exceeds remaining buffer
[behavior_server-8] sequence size exceeds remaining buffer
[bt_navigator-9] sequence size exceeds remaining buffer
[robot_state_publisher-2] sequence size exceeds remaining buffer
[lifecycle_manager-12] sequence size exceeds remaining buffer
[exploration_coordinator-13] sequence size exceeds remaining buffer
[waypoint_follower-10] sequence size exceeds remaining buffer
[sync_slam_toolbox_node-4] sequence size exceeds remaining buffer
[waypoint_follower-10] sequence size exceeds remaining buffer
[sync_slam_toolbox_node-4] sequence size exceeds remaining buffer
[gzserver-1] sequence size exceeds remaining buffer
[controller_server-5] sequence size exceeds remaining buffer
[smoother_server-6] sequence size exceeds remaining buffer
[smoother_server-6] sequence size exceeds remaining buffer
[slam_evaluator-14] sequence size exceeds remaining buffer
[exploration_coordinator-13] sequence size exceeds remaining buffer
[gzserver-1] sequence size exceeds remaining buffer
[behavior_server-8] sequence size exceeds remaining buffer
[controller_server-5] sequence size exceeds remaining buffer
[controller_server-5] sequence size exceeds remaining buffer
[lifecycle_manager-12] sequence size exceeds remaining buffer
[robot_state_publisher-2] sequence size exceeds remaining buffer
[velocity_smoother-11] sequence size exceeds remaining buffer
[velocity_smoother-11] sequence size exceeds remaining buffer
[slam_evaluator-14] sequence size exceeds remaining buffer
[planner_server-7] sequence size exceeds remaining buffer
[smoother_server-6] sequence size exceeds remaining buffer
[slam_evaluator-14] sequence size exceeds remaining buffer
[behavior_server-8] sequence size exceeds remaining buffer
[exploration_coordinator-13] sequence size exceeds remaining buffer
[lifecycle_manager-12] sequence size exceeds remaining buffer
[robot_state_publisher-2] sequence size exceeds remaining buffer
[velocity_smoother-11] sequence size exceeds remaining buffer
[gzserver-1] sequence size exceeds remaining buffer
[behavior_server-8] sequence size exceeds remaining buffer
[smoother_server-6] sequence size exceeds remaining buffer
[planner_server-7] sequence size exceeds remaining buffer
[exploration_coordinator-13] sequence size exceeds remaining buffer
[exploration_coordinator-13] sequence size exceeds remaining buffer
[bt_navigator-9] sequence size exceeds remaining buffer
[behavior_server-8] sequence size exceeds remaining buffer
[robot_state_publisher-2] sequence size exceeds remaining buffer
[slam_evaluator-14] sequence size exceeds remaining buffer
[gzserver-1] sequence size exceeds remaining buffer
[planner_server-7] sequence size exceeds remaining buffer
[lifecycle_manager-12] sequence size exceeds remaining buffer
[planner_server-7] sequence size exceeds remaining buffer
[controller_server-5] sequence size exceeds remaining buffer
[planner_server-7] sequence size exceeds remaining buffer
[behavior_server-8] sequence size exceeds remaining buffer
[smoother_server-6] sequence size exceeds remaining buffer
[gzserver-1] sequence size exceeds remaining buffer
[waypoint_follower-10] sequence size exceeds remaining buffer
[velocity_smoother-11] sequence size exceeds remaining buffer
[lifecycle_manager-12] sequence size exceeds remaining buffer
[robot_state_publisher-2] sequence size exceeds remaining buffer
[behavior_server-8] sequence size exceeds remaining buffer
[velocity_smoother-11] sequence size exceeds remaining buffer
[bt_navigator-9] sequence size exceeds remaining buffer
[bt_navigator-9] sequence size exceeds remaining buffer
[bt_navigator-9] sequence size exceeds remaining buffer
[waypoint_follower-10] sequence size exceeds remaining buffer
[controller_server-5] sequence size exceeds remaining buffer
[controller_server-5] sequence size exceeds remaining buffer
[robot_state_publisher-2] sequence size exceeds remaining buffer
[slam_evaluator-14] sequence size exceeds remaining buffer
[waypoint_follower-10] sequence size exceeds remaining buffer
[exploration_coordinator-13] sequence size exceeds remaining buffer
[robot_state_publisher-2] sequence size exceeds remaining buffer
[velocity_smoother-11] sequence size exceeds remaining buffer
[lifecycle_manager-12] sequence size exceeds remaining buffer
[sync_slam_toolbox_node-4] sequence size exceeds remaining buffer
[smoother_server-6] sequence size exceeds remaining buffer
[gzserver-1] sequence size exceeds remaining buffer
[planner_server-7] sequence size exceeds remaining buffer
[slam_evaluator-14] sequence size exceeds remaining buffer
[sync_slam_toolbox_node-4] sequence size exceeds remaining buffer
[controller_server-5] sequence size exceeds remaining buffer
[exploration_coordinator-13] sequence size exceeds remaining buffer
[smoother_server-6] sequence size exceeds remaining buffer
[behavior_server-8] sequence size exceeds remaining buffer
[bt_navigator-9] sequence size exceeds remaining buffer
[robot_state_publisher-2] sequence size exceeds remaining buffer
[slam_evaluator-14] sequence size exceeds remaining buffer
[lifecycle_manager-12] sequence size exceeds remaining buffer
[exploration_coordinator-13] sequence size exceeds remaining buffer
[bt_navigator-9] sequence size exceeds remaining buffer
[sync_slam_toolbox_node-4] sequence size exceeds remaining buffer
[planner_server-7] sequence size exceeds remaining buffer
[sync_slam_toolbox_node-4] sequence size exceeds remaining buffer
[waypoint_follower-10] sequence size exceeds remaining buffer
[behavior_server-8] sequence size exceeds remaining buffer
[exploration_coordinator-13] sequence size exceeds remaining buffer
[robot_state_publisher-2] sequence size exceeds remaining buffer
[lifecycle_manager-12] sequence size exceeds remaining buffer
[slam_evaluator-14] sequence size exceeds remaining buffer
[waypoint_follower-10] sequence size exceeds remaining buffer
[sync_slam_toolbox_node-4] sequence size exceeds remaining buffer
[gzserver-1] sequence size exceeds remaining buffer
[controller_server-5] sequence size exceeds remaining buffer
[smoother_server-6] sequence size exceeds remaining buffer
[gzserver-1] sequence size exceeds remaining buffer
[controller_server-5] sequence size exceeds remaining buffer
[waypoint_follower-10] sequence size exceeds remaining buffer
[sync_slam_toolbox_node-4] sequence size exceeds remaining buffer
[controller_server-5] sequence size exceeds remaining buffer
[smoother_server-6] sequence size exceeds remaining buffer
[exploration_coordinator-13] sequence size exceeds remaining buffer
[slam_evaluator-14] sequence size exceeds remaining buffer
[behavior_server-8] sequence size exceeds remaining buffer
[planner_server-7] sequence size exceeds remaining buffer
[gzserver-1] sequence size exceeds remaining buffer
[gzserver-1] sequence size exceeds remaining buffer
[lifecycle_manager-12] sequence size exceeds remaining buffer
[robot_state_publisher-2] sequence size exceeds remaining buffer
[velocity_smoother-11] sequence size exceeds remaining buffer
[waypoint_follower-10] sequence size exceeds remaining buffer
[behavior_server-8] sequence size exceeds remaining buffer
[robot_state_publisher-2] sequence size exceeds remaining buffer
[robot_state_publisher-2] sequence size exceeds remaining buffer
[behavior_server-8] sequence size exceeds remaining buffer
[controller_server-5] sequence size exceeds remaining buffer
[slam_evaluator-14] sequence size exceeds remaining buffer
[bt_navigator-9] sequence size exceeds remaining buffer
[robot_state_publisher-2] sequence size exceeds remaining buffer
[lifecycle_manager-12] sequence size exceeds remaining buffer
[exploration_coordinator-13] sequence size exceeds remaining buffer
[exploration_coordinator-13] sequence size exceeds remaining buffer
[gzserver-1] sequence size exceeds remaining buffer
[gzserver-1] sequence size exceeds remaining buffer
[waypoint_follower-10] sequence size exceeds remaining buffer
[planner_server-7] sequence size exceeds remaining buffer
[controller_server-5] sequence size exceeds remaining buffer
[velocity_smoother-11] sequence size exceeds remaining buffer
[slam_evaluator-14] sequence size exceeds remaining buffer
[slam_evaluator-14] sequence size exceeds remaining buffer
[velocity_smoother-11] sequence size exceeds remaining buffer
[smoother_server-6] sequence size exceeds remaining buffer
[planner_server-7] sequence size exceeds remaining buffer
[planner_server-7] sequence size exceeds remaining buffer
[waypoint_follower-10] sequence size exceeds remaining buffer
[planner_server-7] sequence size exceeds remaining buffer
[sync_slam_toolbox_node-4] sequence size exceeds remaining buffer
[gzserver-1] sequence size exceeds remaining buffer
[velocity_smoother-11] sequence size exceeds remaining buffer
[velocity_smoother-11] sequence size exceeds remaining buffer
[lifecycle_manager-12] sequence size exceeds remaining buffer
[robot_state_publisher-2] sequence size exceeds remaining buffer
[velocity_smoother-11] sequence size exceeds remaining buffer
[bt_navigator-9] sequence size exceeds remaining buffer
[bt_navigator-9] sequence size exceeds remaining buffer
[waypoint_follower-10] sequence size exceeds remaining buffer
[waypoint_follower-10] sequence size exceeds remaining buffer
[bt_navigator-9] sequence size exceeds remaining buffer
[exploration_coordinator-13] sequence size exceeds remaining buffer
[velocity_smoother-11] sequence size exceeds remaining buffer
[behavior_server-8] sequence size exceeds remaining buffer
[controller_server-5] sequence size exceeds remaining buffer
[gzserver-1] sequence size exceeds remaining buffer
[lifecycle_manager-12] sequence size exceeds remaining buffer
[sync_slam_toolbox_node-4] sequence size exceeds remaining buffer
[controller_server-5] sequence size exceeds remaining buffer
[controller_server-5] sequence size exceeds remaining buffer
[smoother_server-6] sequence size exceeds remaining buffer
[bt_navigator-9] sequence size exceeds remaining buffer
[bt_navigator-9] sequence size exceeds remaining buffer
[exploration_coordinator-13] sequence size exceeds remaining buffer
[robot_state_publisher-2] sequence size exceeds remaining buffer
[planner_server-7] sequence size exceeds remaining buffer
[sync_slam_toolbox_node-4] sequence size exceeds remaining buffer
[waypoint_follower-10] sequence size exceeds remaining buffer
[velocity_smoother-11] sequence size exceeds remaining buffer
[exploration_coordinator-13] sequence size exceeds remaining buffer
[smoother_server-6] sequence size exceeds remaining buffer
[behavior_server-8] sequence size exceeds remaining buffer
[robot_state_publisher-2] sequence size exceeds remaining buffer
[lifecycle_manager-12] sequence size exceeds remaining buffer
[slam_evaluator-14] sequence size exceeds remaining buffer
[smoother_server-6] sequence size exceeds remaining buffer
[controller_server-5] sequence size exceeds remaining buffer
[gzserver-1] sequence size exceeds remaining buffer
[lifecycle_manager-12] sequence size exceeds remaining buffer
[exploration_coordinator-13] sequence size exceeds remaining buffer
[bt_navigator-9] sequence size exceeds remaining buffer
[lifecycle_manager-12] sequence size exceeds remaining buffer
[lifecycle_manager-12] sequence size exceeds remaining buffer
[waypoint_follower-10] sequence size exceeds remaining buffer
[sync_slam_toolbox_node-4] sequence size exceeds remaining buffer
[controller_server-5] sequence size exceeds remaining buffer
[smoother_server-6] sequence size exceeds remaining buffer
[sync_slam_toolbox_node-4] sequence size exceeds remaining buffer
[sync_slam_toolbox_node-4] sequence size exceeds remaining buffer
[smoother_server-6] sequence size exceeds remaining buffer
[slam_evaluator-14] sequence size exceeds remaining buffer
[smoother_server-6] sequence size exceeds remaining buffer
[behavior_server-8] sequence size exceeds remaining buffer
[smoother_server-6] sequence size exceeds remaining buffer
[gzserver-1] sequence size exceeds remaining buffer
[planner_server-7] sequence size exceeds remaining buffer
[robot_state_publisher-2] sequence size exceeds remaining buffer
[waypoint_follower-10] sequence size exceeds remaining buffer
[velocity_smoother-11] sequence size exceeds remaining buffer
[lifecycle_manager-12] sequence size exceeds remaining buffer
[behavior_server-8] sequence size exceeds remaining buffer
[robot_state_publisher-2] sequence size exceeds remaining buffer
[lifecycle_manager-12] sequence size exceeds remaining buffer
[exploration_coordinator-13] sequence size exceeds remaining buffer
[gzserver-1] sequence size exceeds remaining buffer
[velocity_smoother-11] sequence size exceeds remaining buffer
[planner_server-7] sequence size exceeds remaining buffer
[waypoint_follower-10] sequence size exceeds remaining buffer
[controller_server-5] sequence size exceeds remaining buffer
[behavior_server-8] sequence size exceeds remaining buffer
[slam_evaluator-14] sequence size exceeds remaining buffer
[planner_server-7] sequence size exceeds remaining buffer
[behavior_server-8] sequence size exceeds remaining buffer
[controller_server-5] sequence size exceeds remaining buffer
[bt_navigator-9] sequence size exceeds remaining buffer
[exploration_coordinator-13] sequence size exceeds remaining buffer
[smoother_server-6] sequence size exceeds remaining buffer
[robot_state_publisher-2] sequence size exceeds remaining buffer
[slam_evaluator-14] sequence size exceeds remaining buffer
[slam_evaluator-14] sequence size exceeds remaining buffer
[exploration_coordinator-13] sequence size exceeds remaining buffer
[velocity_smoother-11] sequence size exceeds remaining buffer
[planner_server-7] sequence size exceeds remaining buffer
[smoother_server-6] sequence size exceeds remaining buffer
[planner_server-7] sequence size exceeds remaining buffer
[lifecycle_manager-12] sequence size exceeds remaining buffer
[robot_state_publisher-2] sequence size exceeds remaining buffer
[velocity_smoother-11] sequence size exceeds remaining buffer
[bt_navigator-9] sequence size exceeds remaining buffer
[bt_navigator-9] sequence size exceeds remaining buffer
[bt_navigator-9] sequence size exceeds remaining buffer
[waypoint_follower-10] sequence size exceeds remaining buffer
[exploration_coordinator-13] sequence size exceeds remaining buffer
[velocity_smoother-11] sequence size exceeds remaining buffer
[gzserver-1] sequence size exceeds remaining buffer
[controller_server-5] sequence size exceeds remaining buffer
[sync_slam_toolbox_node-4] sequence size exceeds remaining buffer
[slam_evaluator-14] sequence size exceeds remaining buffer
[controller_server-5] sequence size exceeds remaining buffer
[bt_navigator-9] sequence size exceeds remaining buffer
[behavior_server-8] sequence size exceeds remaining buffer
[robot_state_publisher-2] sequence size exceeds remaining buffer
[gzserver-1] sequence size exceeds remaining buffer
[smoother_server-6] sequence size exceeds remaining buffer
[planner_server-7] sequence size exceeds remaining buffer
[controller_server-5] sequence size exceeds remaining buffer
[waypoint_follower-10] sequence size exceeds remaining buffer
[sync_slam_toolbox_node-4] sequence size exceeds remaining buffer
[velocity_smoother-11] sequence size exceeds remaining buffer
[smoother_server-6] sequence size exceeds remaining buffer
[exploration_coordinator-13] sequence size exceeds remaining buffer
[robot_state_publisher-2] sequence size exceeds remaining buffer
[behavior_server-8] sequence size exceeds remaining buffer
[slam_evaluator-14] sequence size exceeds remaining buffer
[lifecycle_manager-12] sequence size exceeds remaining buffer
[exploration_coordinator-13] sequence size exceeds remaining buffer
[gzserver-1] sequence size exceeds remaining buffer
[lifecycle_manager-12] sequence size exceeds remaining buffer
[waypoint_follower-10] sequence size exceeds remaining buffer
[velocity_smoother-11] sequence size exceeds remaining buffer
[robot_state_publisher-2] sequence size exceeds remaining buffer
[planner_server-7] sequence size exceeds remaining buffer
[slam_evaluator-14] sequence size exceeds remaining buffer
[gzserver-1] sequence size exceeds remaining buffer
[gzserver-1] sequence size exceeds remaining buffer
[controller_server-5] sequence size exceeds remaining buffer
[bt_navigator-9] sequence size exceeds remaining buffer
[bt_navigator-9] sequence size exceeds remaining buffer
[lifecycle_manager-12] sequence size exceeds remaining buffer
[exploration_coordinator-13] sequence size exceeds remaining buffer
[bt_navigator-9] sequence size exceeds remaining buffer
[lifecycle_manager-12] sequence size exceeds remaining buffer
[waypoint_follower-10] sequence size exceeds remaining buffer
[sync_slam_toolbox_node-4] sequence size exceeds remaining buffer
[sync_slam_toolbox_node-4] sequence size exceeds remaining buffer
[gzserver-1] sequence size exceeds remaining buffer
[controller_server-5] sequence size exceeds remaining buffer
[smoother_server-6] sequence size exceeds remaining buffer
[smoother_server-6] sequence size exceeds remaining buffer
[behavior_server-8] sequence size exceeds remaining buffer
[slam_evaluator-14] sequence size exceeds remaining buffer
[robot_state_publisher-2] sequence size exceeds remaining buffer
[planner_server-7] sequence size exceeds remaining buffer
[robot_state_publisher-2] sequence size exceeds remaining buffer
[velocity_smoother-11] sequence size exceeds remaining buffer
[waypoint_follower-10] sequence size exceeds remaining buffer
[behavior_server-8] sequence size exceeds remaining buffer
[sync_slam_toolbox_node-4] sequence size exceeds remaining buffer
[planner_server-7] sequence size exceeds remaining buffer
[sync_slam_toolbox_node-4] sequence size exceeds remaining buffer
[gzserver-1] sequence size exceeds remaining buffer
[bt_navigator-9] sequence size exceeds remaining buffer
[bt_navigator-9] sequence size exceeds remaining buffer
[waypoint_follower-10] sequence size exceeds remaining buffer
[exploration_coordinator-13] sequence size exceeds remaining buffer
[velocity_smoother-11] sequence size exceeds remaining buffer
[sync_slam_toolbox_node-4] sequence size exceeds remaining buffer
[slam_evaluator-14] sequence size exceeds remaining buffer
[bt_navigator-9] sequence size exceeds remaining buffer
[controller_server-5] sequence size exceeds remaining buffer
[bt_navigator-9] sequence size exceeds remaining buffer
[behavior_server-8] sequence size exceeds remaining buffer
[smoother_server-6] sequence size exceeds remaining buffer
[gzserver-1] sequence size exceeds remaining buffer
[controller_server-5] sequence size exceeds remaining buffer
[smoother_server-6] sequence size exceeds remaining buffer
[lifecycle_manager-12] sequence size exceeds remaining buffer
[gzserver-1] sequence size exceeds remaining buffer
[velocity_smoother-11] sequence size exceeds remaining buffer
[gzserver-1] sequence size exceeds remaining buffer
[exploration_coordinator-13] sequence size exceeds remaining buffer
[lifecycle_manager-12] sequence size exceeds remaining buffer
[planner_server-7] sequence size exceeds remaining buffer
[controller_server-5] sequence size exceeds remaining buffer
[robot_state_publisher-2] sequence size exceeds remaining buffer
[slam_evaluator-14] sequence size exceeds remaining buffer
[waypoint_follower-10] sequence size exceeds remaining buffer
[bt_navigator-9] sequence size exceeds remaining buffer
[bt_navigator-9] sequence size exceeds remaining buffer
[gzserver-1] sequence size exceeds remaining buffer
[sync_slam_toolbox_node-4] sequence size exceeds remaining buffer
[robot_state_publisher-2] sequence size exceeds remaining buffer
[behavior_server-8] sequence size exceeds remaining buffer
[bt_navigator-9] sequence size exceeds remaining buffer
[gzserver-1] sequence size exceeds remaining buffer
[exploration_coordinator-13] sequence size exceeds remaining buffer
[slam_evaluator-14] sequence size exceeds remaining buffer
[velocity_smoother-11] sequence size exceeds remaining buffer
[gzserver-1] sequence size exceeds remaining buffer
[planner_server-7] sequence size exceeds remaining buffer
[sync_slam_toolbox_node-4] sequence size exceeds remaining buffer
[planner_server-7] sequence size exceeds remaining buffer
[velocity_smoother-11] sequence size exceeds remaining buffer
[waypoint_follower-10] sequence size exceeds remaining buffer
[robot_state_publisher-2] sequence size exceeds remaining buffer
[exploration_coordinator-13] sequence size exceeds remaining buffer
[behavior_server-8] sequence size exceeds remaining buffer
[slam_evaluator-14] sequence size exceeds remaining buffer
[lifecycle_manager-12] sequence size exceeds remaining buffer
[lifecycle_manager-12] sequence size exceeds remaining buffer
[smoother_server-6] sequence size exceeds remaining buffer
[exploration_coordinator-13] sequence size exceeds remaining buffer
[planner_server-7] sequence size exceeds remaining buffer
[robot_state_publisher-2] sequence size exceeds remaining buffer
[smoother_server-6] sequence size exceeds remaining buffer
[controller_server-5] sequence size exceeds remaining buffer
[lifecycle_manager-12] sequence size exceeds remaining buffer
[robot_state_publisher-2] sequence size exceeds remaining buffer
[controller_server-5] sequence size exceeds remaining buffer
[slam_evaluator-14] sequence size exceeds remaining buffer
[behavior_server-8] sequence size exceeds remaining buffer
[planner_server-7] sequence size exceeds remaining buffer
[robot_state_publisher-2] sequence size exceeds remaining buffer
[behavior_server-8] sequence size exceeds remaining buffer
[waypoint_follower-10] sequence size exceeds remaining buffer
[waypoint_follower-10] sequence size exceeds remaining buffer
[velocity_smoother-11] sequence size exceeds remaining buffer
[planner_server-7] sequence size exceeds remaining buffer
[planner_server-7] sequence size exceeds remaining buffer
[sync_slam_toolbox_node-4] sequence size exceeds remaining buffer
[lifecycle_manager-12] sequence size exceeds remaining buffer
[waypoint_follower-10] sequence size exceeds remaining buffer
[exploration_coordinator-13] sequence size exceeds remaining buffer
[exploration_coordinator-13] sequence size exceeds remaining buffer
[waypoint_follower-10] sequence size exceeds remaining buffer
[sync_slam_toolbox_node-4] sequence size exceeds remaining buffer
[sync_slam_toolbox_node-4] sequence size exceeds remaining buffer
[velocity_smoother-11] sequence size exceeds remaining buffer
[slam_evaluator-14] sequence size exceeds remaining buffer
[controller_server-5] sequence size exceeds remaining buffer
[bt_navigator-9] sequence size exceeds remaining buffer
[bt_navigator-9] sequence size exceeds remaining buffer
[controller_server-5] sequence size exceeds remaining buffer
[velocity_smoother-11] sequence size exceeds remaining buffer
[behavior_server-8] sequence size exceeds remaining buffer
[behavior_server-8] sequence size exceeds remaining buffer
[controller_server-5] sequence size exceeds remaining buffer
[smoother_server-6] sequence size exceeds remaining buffer
[lifecycle_manager-12] sequence size exceeds remaining buffer
[exploration_coordinator-13] sequence size exceeds remaining buffer
[sync_slam_toolbox_node-4] sequence size exceeds remaining buffer
[waypoint_follower-10] sequence size exceeds remaining buffer
[slam_evaluator-14] sequence size exceeds remaining buffer
[smoother_server-6] sequence size exceeds remaining buffer
[smoother_server-6] sequence size exceeds remaining buffer
[gzserver-1] sequence size exceeds remaining buffer
[gzserver-1] sequence size exceeds remaining buffer
[bt_navigator-9] sequence size exceeds remaining buffer
[gzserver-1] sequence size exceeds remaining buffer
[lifecycle_manager-12] sequence size exceeds remaining buffer
[exploration_coordinator-13] sequence size exceeds remaining buffer
[velocity_smoother-11] sequence size exceeds remaining buffer
[planner_server-7] sequence size exceeds remaining buffer
[waypoint_follower-10] sequence size exceeds remaining buffer
[controller_server-5] sequence size exceeds remaining buffer
[robot_state_publisher-2] sequence size exceeds remaining buffer
[smoother_server-6] sequence size exceeds remaining buffer
[slam_evaluator-14] sequence size exceeds remaining buffer
[bt_navigator-9] sequence size exceeds remaining buffer
[behavior_server-8] sequence size exceeds remaining buffer
[smoother_server-6] sequence size exceeds remaining buffer
[robot_state_publisher-2] sequence size exceeds remaining buffer
[exploration_coordinator-13] sequence size exceeds remaining buffer
[sync_slam_toolbox_node-4] sequence size exceeds remaining buffer
[gzserver-1] sequence size exceeds remaining buffer
[gzserver-1] sequence size exceeds remaining buffer
[sync_slam_toolbox_node-4] sequence size exceeds remaining buffer
[planner_server-7] sequence size exceeds remaining buffer
[waypoint_follower-10] sequence size exceeds remaining buffer
[velocity_smoother-11] sequence size exceeds remaining buffer
[behavior_server-8] sequence size exceeds remaining buffer
[robot_state_publisher-2] sequence size exceeds remaining buffer
[exploration_coordinator-13] sequence size exceeds remaining buffer
[lifecycle_manager-12] sequence size exceeds remaining buffer
[slam_evaluator-14] sequence size exceeds remaining buffer
[robot_state_publisher-2] sequence size exceeds remaining buffer
[behavior_server-8] sequence size exceeds remaining buffer
[smoother_server-6] sequence size exceeds remaining buffer
[controller_server-5] sequence size exceeds remaining buffer
[slam_evaluator-14] sequence size exceeds remaining buffer
[behavior_server-8] sequence size exceeds remaining buffer
[planner_server-7] sequence size exceeds remaining buffer
[planner_server-7] sequence size exceeds remaining buffer
[lifecycle_manager-12] sequence size exceeds remaining buffer
[robot_state_publisher-2] sequence size exceeds remaining buffer
[waypoint_follower-10] sequence size exceeds remaining buffer
[velocity_smoother-11] sequence size exceeds remaining buffer
[gzserver-1] sequence size exceeds remaining buffer
[exploration_coordinator-13] sequence size exceeds remaining buffer
[slam_evaluator-14] sequence size exceeds remaining buffer
[velocity_smoother-11] sequence size exceeds remaining buffer
[planner_server-7] sequence size exceeds remaining buffer
[lifecycle_manager-12] sequence size exceeds remaining buffer
[lifecycle_manager-12] sequence size exceeds remaining buffer
[planner_server-7] sequence size exceeds remaining buffer
[smoother_server-6] sequence size exceeds remaining buffer
[robot_state_publisher-2] sequence size exceeds remaining buffer
[velocity_smoother-11] sequence size exceeds remaining buffer
[velocity_smoother-11] sequence size exceeds remaining buffer
[slam_evaluator-14] sequence size exceeds remaining buffer
[controller_server-5] sequence size exceeds remaining buffer
[sync_slam_toolbox_node-4] sequence size exceeds remaining buffer
[bt_navigator-9] sequence size exceeds remaining buffer
[bt_navigator-9] sequence size exceeds remaining buffer
[bt_navigator-9] sequence size exceeds remaining buffer
[bt_navigator-9] sequence size exceeds remaining buffer
[controller_server-5] sequence size exceeds remaining buffer
[smoother_server-6] sequence size exceeds remaining buffer
[smoother_server-6] sequence size exceeds remaining buffer
[planner_server-7] sequence size exceeds remaining buffer
[slam_evaluator-14] sequence size exceeds remaining buffer
[gzserver-1] sequence size exceeds remaining buffer
[gzserver-1] sequence size exceeds remaining buffer
[slam_evaluator-14] sequence size exceeds remaining buffer
[bt_navigator-9] sequence size exceeds remaining buffer
[controller_server-5] sequence size exceeds remaining buffer
[gzserver-1] sequence size exceeds remaining buffer
[planner_server-7] sequence size exceeds remaining buffer
[exploration_coordinator-13] sequence size exceeds remaining buffer
[lifecycle_manager-12] sequence size exceeds remaining buffer
[velocity_smoother-11] sequence size exceeds remaining buffer
[controller_server-5] sequence size exceeds remaining buffer
[smoother_server-6] sequence size exceeds remaining buffer
[smoother_server-6] sequence size exceeds remaining buffer
[robot_state_publisher-2] sequence size exceeds remaining buffer
[waypoint_follower-10] sequence size exceeds remaining buffer
[slam_evaluator-14] sequence size exceeds remaining buffer
[sync_slam_toolbox_node-4] sequence size exceeds remaining buffer
[controller_server-5] sequence size exceeds remaining buffer
[smoother_server-6] sequence size exceeds remaining buffer
[sync_slam_toolbox_node-4] sequence size exceeds remaining buffer
[robot_state_publisher-2] sequence size exceeds remaining buffer
[lifecycle_manager-12] sequence size exceeds remaining buffer
[waypoint_follower-10] sequence size exceeds remaining buffer
[exploration_coordinator-13] sequence size exceeds remaining buffer
[behavior_server-8] sequence size exceeds remaining buffer
[behavior_server-8] sequence size exceeds remaining buffer
[sync_slam_toolbox_node-4] sequence size exceeds remaining buffer
[sync_slam_toolbox_node-4] sequence size exceeds remaining buffer
[planner_server-7] sequence size exceeds remaining buffer
[controller_server-5] sequence size exceeds remaining buffer
[gzserver-1] sequence size exceeds remaining buffer
[sync_slam_toolbox_node-4] sequence size exceeds remaining buffer
[velocity_smoother-11] sequence size exceeds remaining buffer
[slam_evaluator-14] sequence size exceeds remaining buffer
[gzserver-1] sequence size exceeds remaining buffer
[sync_slam_toolbox_node-4] sequence size exceeds remaining buffer
[planner_server-7] sequence size exceeds remaining buffer
[waypoint_follower-10] sequence size exceeds remaining buffer
[velocity_smoother-11] sequence size exceeds remaining buffer
[behavior_server-8] sequence size exceeds remaining buffer
[exploration_coordinator-13] sequence size exceeds remaining buffer
[robot_state_publisher-2] sequence size exceeds remaining buffer
[lifecycle_manager-12] sequence size exceeds remaining buffer
[slam_evaluator-14] sequence size exceeds remaining buffer
[exploration_coordinator-13] sequence size exceeds remaining buffer
[waypoint_follower-10] sequence size exceeds remaining buffer
[bt_navigator-9] sequence size exceeds remaining buffer
[behavior_server-8] sequence size exceeds remaining buffer
[exploration_coordinator-13] sequence size exceeds remaining buffer
[robot_state_publisher-2] sequence size exceeds remaining buffer
[velocity_smoother-11] sequence size exceeds remaining buffer
[lifecycle_manager-12] sequence size exceeds remaining buffer
[robot_state_publisher-2] sequence size exceeds remaining buffer
[waypoint_follower-10] sequence size exceeds remaining buffer
[velocity_smoother-11] sequence size exceeds remaining buffer
[controller_server-5] sequence size exceeds remaining buffer
[controller_server-5] sequence size exceeds remaining buffer
[behavior_server-8] sequence size exceeds remaining buffer
[bt_navigator-9] sequence size exceeds remaining buffer
[bt_navigator-9] sequence size exceeds remaining buffer
[smoother_server-6] sequence size exceeds remaining buffer
[bt_navigator-9] sequence size exceeds remaining buffer
[behavior_server-8] sequence size exceeds remaining buffer
[behavior_server-8] sequence size exceeds remaining buffer
[bt_navigator-9] sequence size exceeds remaining buffer
[lifecycle_manager-12] sequence size exceeds remaining buffer
[gzserver-1] sequence size exceeds remaining buffer
[exploration_coordinator-13] sequence size exceeds remaining buffer
[velocity_smoother-11] sequence size exceeds remaining buffer
[planner_server-7] sequence size exceeds remaining buffer
[robot_state_publisher-2] sequence size exceeds remaining buffer
[waypoint_follower-10] sequence size exceeds remaining buffer
[controller_server-5] sequence size exceeds remaining buffer
[sync_slam_toolbox_node-4] sequence size exceeds remaining buffer
[smoother_server-6] sequence size exceeds remaining buffer
[bt_navigator-9] sequence size exceeds remaining buffer
[slam_evaluator-14] sequence size exceeds remaining buffer
[controller_server-5] sequence size exceeds remaining buffer
[smoother_server-6] sequence size exceeds remaining buffer
[smoother_server-6] sequence size exceeds remaining buffer
[robot_state_publisher-2] sequence size exceeds remaining buffer
[lifecycle_manager-12] sequence size exceeds remaining buffer
[exploration_coordinator-13] sequence size exceeds remaining buffer
[waypoint_follower-10] sequence size exceeds remaining buffer
[behavior_server-8] sequence size exceeds remaining buffer
[sync_slam_toolbox_node-4] sequence size exceeds remaining buffer
[planner_server-7] sequence size exceeds remaining buffer
[gzserver-1] sequence size exceeds remaining buffer
[sync_slam_toolbox_node-4] sequence size exceeds remaining buffer
[gzserver-1] sequence size exceeds remaining buffer
[gzserver-1] sequence size exceeds remaining buffer
[slam_evaluator-14] sequence size exceeds remaining buffer
[planner_server-7] sequence size exceeds remaining buffer
[lifecycle_manager-12] sequence size exceeds remaining buffer
[bt_navigator-9] sequence size exceeds remaining buffer
[velocity_smoother-11] sequence size exceeds remaining buffer
[exploration_coordinator-13] sequence size exceeds remaining buffer
[smoother_server-6] sequence size exceeds remaining buffer
[planner_server-7] sequence size exceeds remaining buffer
[velocity_smoother-11] sequence size exceeds remaining buffer
[slam_evaluator-14] sequence size exceeds remaining buffer
[lifecycle_manager-12] sequence size exceeds remaining buffer
[robot_state_publisher-2] sequence size exceeds remaining buffer
[bt_navigator-9] sequence size exceeds remaining buffer
[controller_server-5] sequence size exceeds remaining buffer
[waypoint_follower-10] sequence size exceeds remaining buffer
[waypoint_follower-10] sequence size exceeds remaining buffer
[exploration_coordinator-13] sequence size exceeds remaining buffer
[robot_state_publisher-2] sequence size exceeds remaining buffer
[gzserver-1] sequence size exceeds remaining buffer
[planner_server-7] sequence size exceeds remaining buffer
[waypoint_follower-10] sequence size exceeds remaining buffer
[velocity_smoother-11] sequence size exceeds remaining buffer
[sync_slam_toolbox_node-4] sequence size exceeds remaining buffer
[behavior_server-8] sequence size exceeds remaining buffer
[exploration_coordinator-13] sequence size exceeds remaining buffer
[lifecycle_manager-12] sequence size exceeds remaining buffer
[velocity_smoother-11] sequence size exceeds remaining buffer
[bt_navigator-9] sequence size exceeds remaining buffer
[robot_state_publisher-2] sequence size exceeds remaining buffer
[behavior_server-8] sequence size exceeds remaining buffer
[smoother_server-6] sequence size exceeds remaining buffer
[behavior_server-8] sequence size exceeds remaining buffer
[controller_server-5] sequence size exceeds remaining buffer
[smoother_server-6] sequence size exceeds remaining buffer
[controller_server-5] sequence size exceeds remaining buffer
[bt_navigator-9] sequence size exceeds remaining buffer
[smoother_server-6] sequence size exceeds remaining buffer
[sync_slam_toolbox_node-4] sequence size exceeds remaining buffer
[slam_evaluator-14] sequence size exceeds remaining buffer
[waypoint_follower-10] sequence size exceeds remaining buffer
[sync_slam_toolbox_node-4] sequence size exceeds remaining buffer
[planner_server-7] sequence size exceeds remaining buffer
[gzserver-1] sequence size exceeds remaining buffer
[behavior_server-8] sequence size exceeds remaining buffer
[slam_evaluator-14] sequence size exceeds remaining buffer
[gzserver-1] sequence size exceeds remaining buffer
[smoother_server-6] sequence size exceeds remaining buffer
[bt_navigator-9] sequence size exceeds remaining buffer
[planner_server-7] sequence size exceeds remaining buffer
[robot_state_publisher-2] sequence size exceeds remaining buffer
[slam_evaluator-14] sequence size exceeds remaining buffer
[robot_state_publisher-2] sequence size exceeds remaining buffer
[lifecycle_manager-12] sequence size exceeds remaining buffer
[controller_server-5] sequence size exceeds remaining buffer
[velocity_smoother-11] sequence size exceeds remaining buffer
[smoother_server-6] sequence size exceeds remaining buffer
[planner_server-7] sequence size exceeds remaining buffer
[gzserver-1] sequence size exceeds remaining buffer
[lifecycle_manager-12] sequence size exceeds remaining buffer
[velocity_smoother-11] sequence size exceeds remaining buffer
[waypoint_follower-10] sequence size exceeds remaining buffer
[exploration_coordinator-13] sequence size exceeds remaining buffer
[slam_evaluator-14] sequence size exceeds remaining buffer
[waypoint_follower-10] sequence size exceeds remaining buffer
[exploration_coordinator-13] sequence size exceeds remaining buffer
[exploration_coordinator-13] sequence size exceeds remaining buffer
[slam_evaluator-14] sequence size exceeds remaining buffer
[lifecycle_manager-12] sequence size exceeds remaining buffer
[robot_state_publisher-2] sequence size exceeds remaining buffer
[velocity_smoother-11] sequence size exceeds remaining buffer
[controller_server-5] sequence size exceeds remaining buffer
[bt_navigator-9] sequence size exceeds remaining buffer
[sync_slam_toolbox_node-4] sequence size exceeds remaining buffer
[lifecycle_manager-12] sequence size exceeds remaining buffer
[smoother_server-6] sequence size exceeds remaining buffer
[behavior_server-8] sequence size exceeds remaining buffer
[exploration_coordinator-13] sequence size exceeds remaining buffer
[controller_server-5] sequence size exceeds remaining buffer
[waypoint_follower-10] sequence size exceeds remaining buffer
[robot_state_publisher-2] sequence size exceeds remaining buffer
[controller_server-5] sequence size exceeds remaining buffer
[controller_server-5] sequence size exceeds remaining buffer
[sync_slam_toolbox_node-4] sequence size exceeds remaining buffer
[gzserver-1] sequence size exceeds remaining buffer
[sync_slam_toolbox_node-4] sequence size exceeds remaining buffer
[velocity_smoother-11] sequence size exceeds remaining buffer
[behavior_server-8] sequence size exceeds remaining buffer
[sync_slam_toolbox_node-4] sequence size exceeds remaining buffer
[sync_slam_toolbox_node-4] sequence size exceeds remaining buffer
[slam_evaluator-14] sequence size exceeds remaining buffer
[smoother_server-6] sequence size exceeds remaining buffer
[planner_server-7] sequence size exceeds remaining buffer
[planner_server-7] sequence size exceeds remaining buffer
[planner_server-7] sequence size exceeds remaining buffer
[behavior_server-8] sequence size exceeds remaining buffer
[behavior_server-8] sequence size exceeds remaining buffer
[sync_slam_toolbox_node-4] sequence size exceeds remaining buffer
[sync_slam_toolbox_node-4] sequence size exceeds remaining buffer
[gzserver-1] sequence size exceeds remaining buffer
[waypoint_follower-10] sequence size exceeds remaining buffer
[waypoint_follower-10] sequence size exceeds remaining buffer
[waypoint_follower-10] sequence size exceeds remaining buffer
[smoother_server-6] sequence size exceeds remaining buffer
[exploration_coordinator-13] sequence size exceeds remaining buffer
[robot_state_publisher-2] sequence size exceeds remaining buffer
[robot_state_publisher-2] sequence size exceeds remaining buffer
[robot_state_publisher-2] sequence size exceeds remaining buffer
[bt_navigator-9] sequence size exceeds remaining buffer
[bt_navigator-9] sequence size exceeds remaining buffer
[lifecycle_manager-12] sequence size exceeds remaining buffer
[lifecycle_manager-12] sequence size exceeds remaining buffer
[velocity_smoother-11] sequence size exceeds remaining buffer
[velocity_smoother-11] sequence size exceeds remaining buffer
[slam_evaluator-14] sequence size exceeds remaining buffer
[lifecycle_manager-12] sequence size exceeds remaining buffer
[planner_server-7] sequence size exceeds remaining buffer
[exploration_coordinator-13] sequence size exceeds remaining buffer
[exploration_coordinator-13] sequence size exceeds remaining buffer
[waypoint_follower-10] sequence size exceeds remaining buffer
[velocity_smoother-11] sequence size exceeds remaining buffer
[slam_evaluator-14] sequence size exceeds remaining buffer
[gzserver-1] sequence size exceeds remaining buffer
[sync_slam_toolbox_node-4] sequence size exceeds remaining buffer
[lifecycle_manager-12] sequence size exceeds remaining buffer
[smoother_server-6] sequence size exceeds remaining buffer
[waypoint_follower-10] sequence size exceeds remaining buffer
[exploration_coordinator-13] sequence size exceeds remaining buffer
[smoother_server-6] sequence size exceeds remaining buffer
[velocity_smoother-11] sequence size exceeds remaining buffer
[slam_evaluator-14] sequence size exceeds remaining buffer
[planner_server-7] sequence size exceeds remaining buffer
[exploration_coordinator-13] sequence size exceeds remaining buffer
[behavior_server-8] sequence size exceeds remaining buffer
[behavior_server-8] sequence size exceeds remaining buffer
[lifecycle_manager-12] sequence size exceeds remaining buffer
[velocity_smoother-11] sequence size exceeds remaining buffer
[robot_state_publisher-2] sequence size exceeds remaining buffer
[robot_state_publisher-2] sequence size exceeds remaining buffer
[controller_server-5] sequence size exceeds remaining buffer
[controller_server-5] sequence size exceeds remaining buffer
[waypoint_follower-10] sequence size exceeds remaining buffer
[bt_navigator-9] sequence size exceeds remaining buffer
[gzserver-1] sequence size exceeds remaining buffer
[smoother_server-6] sequence size exceeds remaining buffer
[controller_server-5] sequence size exceeds remaining buffer
[sync_slam_toolbox_node-4] sequence size exceeds remaining buffer
[controller_server-5] sequence size exceeds remaining buffer
[controller_server-5] sequence size exceeds remaining buffer
[smoother_server-6] sequence size exceeds remaining buffer
[lifecycle_manager-12] sequence size exceeds remaining buffer
[planner_server-7] sequence size exceeds remaining buffer
[gzserver-1] sequence size exceeds remaining buffer
[waypoint_follower-10] sequence size exceeds remaining buffer
[gzserver-1] sequence size exceeds remaining buffer
[slam_evaluator-14] sequence size exceeds remaining buffer
[slam_evaluator-14] sequence size exceeds remaining buffer
[planner_server-7] sequence size exceeds remaining buffer
[planner_server-7] sequence size exceeds remaining buffer
[planner_server-7] sequence size exceeds remaining buffer
[gzserver-1] sequence size exceeds remaining buffer
[waypoint_follower-10] sequence size exceeds remaining buffer
[sync_slam_toolbox_node-4] sequence size exceeds remaining buffer
[exploration_coordinator-13] sequence size exceeds remaining buffer
[behavior_server-8] sequence size exceeds remaining buffer
[bt_navigator-9] sequence size exceeds remaining buffer
[smoother_server-6] sequence size exceeds remaining buffer
[lifecycle_manager-12] sequence size exceeds remaining buffer
[robot_state_publisher-2] sequence size exceeds remaining buffer
[robot_state_publisher-2] sequence size exceeds remaining buffer
[slam_evaluator-14] sequence size exceeds remaining buffer
[slam_evaluator-14] sequence size exceeds remaining buffer
[bt_navigator-9] sequence size exceeds remaining buffer
[bt_navigator-9] sequence size exceeds remaining buffer
[velocity_smoother-11] sequence size exceeds remaining buffer
[velocity_smoother-11] sequence size exceeds remaining buffer
[bt_navigator-9] sequence size exceeds remaining buffer
[gzserver-1] sequence size exceeds remaining buffer
[sync_slam_toolbox_node-4] sequence size exceeds remaining buffer
[lifecycle_manager-12] sequence size exceeds remaining buffer
[exploration_coordinator-13] sequence size exceeds remaining buffer
[exploration_coordinator-13] sequence size exceeds remaining buffer
[smoother_server-6] sequence size exceeds remaining buffer
[velocity_smoother-11] sequence size exceeds remaining buffer
[behavior_server-8] sequence size exceeds remaining buffer
[controller_server-5] sequence size exceeds remaining buffer
[waypoint_follower-10] sequence size exceeds remaining buffer
[bt_navigator-9] sequence size exceeds remaining buffer
[robot_state_publisher-2] sequence size exceeds remaining buffer
[behavior_server-8] sequence size exceeds remaining buffer
[controller_server-5] sequence size exceeds remaining buffer
[gzserver-1] sequence size exceeds remaining buffer
[waypoint_follower-10] sequence size exceeds remaining buffer
[controller_server-5] sequence size exceeds remaining buffer
[sync_slam_toolbox_node-4] sequence size exceeds remaining buffer
[planner_server-7] sequence size exceeds remaining buffer
[sync_slam_toolbox_node-4] sequence size exceeds remaining buffer
[lifecycle_manager-12] sequence size exceeds remaining buffer
[smoother_server-6] sequence size exceeds remaining buffer
[exploration_coordinator-13] sequence size exceeds remaining buffer
[behavior_server-8] sequence size exceeds remaining buffer
[waypoint_follower-10] sequence size exceeds remaining buffer
[robot_state_publisher-2] sequence size exceeds remaining buffer
[controller_server-5] sequence size exceeds remaining buffer
[gzserver-1] sequence size exceeds remaining buffer
[lifecycle_manager-12] sequence size exceeds remaining buffer
[planner_server-7] sequence size exceeds remaining buffer
[slam_evaluator-14] sequence size exceeds remaining buffer
[slam_evaluator-14] sequence size exceeds remaining buffer
[robot_state_publisher-2] sequence size exceeds remaining buffer
[planner_server-7] sequence size exceeds remaining buffer
[sync_slam_toolbox_node-4] sequence size exceeds remaining buffer
[waypoint_follower-10] sequence size exceeds remaining buffer
[velocity_smoother-11] sequence size exceeds remaining buffer
[exploration_coordinator-13] sequence size exceeds remaining buffer
[smoother_server-6] sequence size exceeds remaining buffer
[robot_state_publisher-2] sequence size exceeds remaining buffer
[behavior_server-8] sequence size exceeds remaining buffer
[bt_navigator-9] sequence size exceeds remaining buffer
[waypoint_follower-10] sequence size exceeds remaining buffer
[lifecycle_manager-12] sequence size exceeds remaining buffer
[bt_navigator-9] sequence size exceeds remaining buffer
[smoother_server-6] sequence size exceeds remaining buffer
[planner_server-7] sequence size exceeds remaining buffer
[slam_evaluator-14] sequence size exceeds remaining buffer
[robot_state_publisher-2] sequence size exceeds remaining buffer
[lifecycle_manager-12] sequence size exceeds remaining buffer
[slam_evaluator-14] sequence size exceeds remaining buffer
[gzserver-1] sequence size exceeds remaining buffer
[exploration_coordinator-13] sequence size exceeds remaining buffer
[smoother_server-6] sequence size exceeds remaining buffer
[bt_navigator-9] sequence size exceeds remaining buffer
[velocity_smoother-11] sequence size exceeds remaining buffer
[behavior_server-8] sequence size exceeds remaining buffer
[waypoint_follower-10] sequence size exceeds remaining buffer
[behavior_server-8] sequence size exceeds remaining buffer
[sync_slam_toolbox_node-4] sequence size exceeds remaining buffer
[gzserver-1] sequence size exceeds remaining buffer
[waypoint_follower-10] sequence size exceeds remaining buffer
[sync_slam_toolbox_node-4] sequence size exceeds remaining buffer
[gzserver-1] sequence size exceeds remaining buffer
[behavior_server-8] sequence size exceeds remaining buffer
[slam_evaluator-14] sequence size exceeds remaining buffer
[controller_server-5] sequence size exceeds remaining buffer
[sync_slam_toolbox_node-4] sequence size exceeds remaining buffer
[lifecycle_manager-12] sequence size exceeds remaining buffer
[smoother_server-6] sequence size exceeds remaining buffer
[smoother_server-6] sequence size exceeds remaining buffer
[exploration_coordinator-13] sequence size exceeds remaining buffer
[bt_navigator-9] sequence size exceeds remaining buffer
[behavior_server-8] sequence size exceeds remaining buffer
[gzserver-1] sequence size exceeds remaining buffer
[controller_server-5] sequence size exceeds remaining buffer
[controller_server-5] sequence size exceeds remaining buffer
[waypoint_follower-10] sequence size exceeds remaining buffer
[robot_state_publisher-2] sequence size exceeds remaining buffer
[lifecycle_manager-12] sequence size exceeds remaining buffer
[planner_server-7] sequence size exceeds remaining buffer
[slam_evaluator-14] sequence size exceeds remaining buffer
[robot_state_publisher-2] sequence size exceeds remaining buffer
[bt_navigator-9] sequence size exceeds remaining buffer
[gzserver-1] sequence size exceeds remaining buffer
[velocity_smoother-11] sequence size exceeds remaining buffer
[exploration_coordinator-13] sequence size exceeds remaining buffer
[slam_evaluator-14] sequence size exceeds remaining buffer
[velocity_smoother-11] sequence size exceeds remaining buffer
[sync_slam_toolbox_node-4] sequence size exceeds remaining buffer
[planner_server-7] sequence size exceeds remaining buffer
[waypoint_follower-10] sequence size exceeds remaining buffer
[behavior_server-8] sequence size exceeds remaining buffer
[exploration_coordinator-13] sequence size exceeds remaining buffer
[smoother_server-6] sequence size exceeds remaining buffer
[robot_state_publisher-2] sequence size exceeds remaining buffer
[lifecycle_manager-12] sequence size exceeds remaining buffer
[bt_navigator-9] sequence size exceeds remaining buffer
[gzserver-1] sequence size exceeds remaining buffer
[sync_slam_toolbox_node-4] sequence size exceeds remaining buffer
[slam_evaluator-14] sequence size exceeds remaining buffer
[velocity_smoother-11] sequence size exceeds remaining buffer
[behavior_server-8] sequence size exceeds remaining buffer
[sync_slam_toolbox_node-4] sequence size exceeds remaining buffer
[lifecycle_manager-12] sequence size exceeds remaining buffer
[controller_server-5] sequence size exceeds remaining buffer
[waypoint_follower-10] sequence size exceeds remaining buffer
[slam_evaluator-14] sequence size exceeds remaining buffer
[planner_server-7] sequence size exceeds remaining buffer
[behavior_server-8] sequence size exceeds remaining buffer
[exploration_coordinator-13] sequence size exceeds remaining buffer
[smoother_server-6] sequence size exceeds remaining buffer
[waypoint_follower-10] sequence size exceeds remaining buffer
[controller_server-5] sequence size exceeds remaining buffer
[robot_state_publisher-2] sequence size exceeds remaining buffer
[gzserver-1] sequence size exceeds remaining buffer
[gzserver-1] sequence size exceeds remaining buffer
[gzserver-1] sequence size exceeds remaining buffer
[controller_server-5] sequence size exceeds remaining buffer
[robot_state_publisher-2] sequence size exceeds remaining buffer
[lifecycle_manager-12] sequence size exceeds remaining buffer
[planner_server-7] sequence size exceeds remaining buffer
[planner_server-7] sequence size exceeds remaining buffer
[bt_navigator-9] sequence size exceeds remaining buffer
[exploration_coordinator-13] sequence size exceeds remaining buffer
[exploration_coordinator-13] sequence size exceeds remaining buffer
[smoother_server-6] sequence size exceeds remaining buffer
[waypoint_follower-10] sequence size exceeds remaining buffer
[behavior_server-8] sequence size exceeds remaining buffer
[controller_server-5] sequence size exceeds remaining buffer
[robot_state_publisher-2] sequence size exceeds remaining buffer
[slam_evaluator-14] sequence size exceeds remaining buffer
[slam_evaluator-14] sequence size exceeds remaining buffer
[waypoint_follower-10] sequence size exceeds remaining buffer
[smoother_server-6] sequence size exceeds remaining buffer
[planner_server-7] sequence size exceeds remaining buffer
[gzserver-1] sequence size exceeds remaining buffer
[velocity_smoother-11] sequence size exceeds remaining buffer
[planner_server-7] sequence size exceeds remaining buffer
[sync_slam_toolbox_node-4] sequence size exceeds remaining buffer
[waypoint_follower-10] sequence size exceeds remaining buffer
[gzserver-1] sequence size exceeds remaining buffer
[gzserver-1] sequence size exceeds remaining buffer
[exploration_coordinator-13] sequence size exceeds remaining buffer
[smoother_server-6] sequence size exceeds remaining buffer
[waypoint_follower-10] sequence size exceeds remaining buffer
[behavior_server-8] sequence size exceeds remaining buffer
[sync_slam_toolbox_node-4] sequence size exceeds remaining buffer
[sync_slam_toolbox_node-4] sequence size exceeds remaining buffer
[slam_evaluator-14] sequence size exceeds remaining buffer
[smoother_server-6] sequence size exceeds remaining buffer
[smoother_server-6] sequence size exceeds remaining buffer
[lifecycle_manager-12] sequence size exceeds remaining buffer
[behavior_server-8] sequence size exceeds remaining buffer
[behavior_server-8] sequence size exceeds remaining buffer
[sync_slam_toolbox_node-4] sequence size exceeds remaining buffer
[waypoint_follower-10] sequence size exceeds remaining buffer
[planner_server-7] sequence size exceeds remaining buffer
[exploration_coordinator-13] sequence size exceeds remaining buffer
[lifecycle_manager-12] sequence size exceeds remaining buffer
[smoother_server-6] sequence size exceeds remaining buffer
[smoother_server-6] sequence size exceeds remaining buffer
[sync_slam_toolbox_node-4] sequence size exceeds remaining buffer
[velocity_smoother-11] sequence size exceeds remaining buffer
[robot_state_publisher-2] sequence size exceeds remaining buffer
[robot_state_publisher-2] sequence size exceeds remaining buffer
[bt_navigator-9] sequence size exceeds remaining buffer
[robot_state_publisher-2] sequence size exceeds remaining buffer
[planner_server-7] sequence size exceeds remaining buffer
[planner_server-7] sequence size exceeds remaining buffer
[behavior_server-8] sequence size exceeds remaining buffer
[controller_server-5] sequence size exceeds remaining buffer
[bt_navigator-9] sequence size exceeds remaining buffer
[robot_state_publisher-2] sequence size exceeds remaining buffer
[lifecycle_manager-12] sequence size exceeds remaining buffer
[controller_server-5] sequence size exceeds remaining buffer
[robot_state_publisher-2] sequence size exceeds remaining buffer
[bt_navigator-9] sequence size exceeds remaining buffer
[behavior_server-8] sequence size exceeds remaining buffer
[velocity_smoother-11] sequence size exceeds remaining buffer
[velocity_smoother-11] sequence size exceeds remaining buffer
[velocity_smoother-11] sequence size exceeds remaining buffer
[velocity_smoother-11] sequence size exceeds remaining buffer
[robot_state_publisher-2] sequence size exceeds remaining buffer
[lifecycle_manager-12] sequence size exceeds remaining buffer
[lifecycle_manager-12] sequence size exceeds remaining buffer
[robot_state_publisher-2] sequence size exceeds remaining buffer
[controller_server-5] sequence size exceeds remaining buffer
[velocity_smoother-11] sequence size exceeds remaining buffer
[velocity_smoother-11] sequence size exceeds remaining buffer
[controller_server-5] sequence size exceeds remaining buffer
[controller_server-5] sequence size exceeds remaining buffer
[sync_slam_toolbox_node-4] sequence size exceeds remaining buffer
[sync_slam_toolbox_node-4] sequence size exceeds remaining buffer
[slam_evaluator-14] sequence size exceeds remaining buffer
[gzserver-1] sequence size exceeds remaining buffer
[sync_slam_toolbox_node-4] sequence size exceeds remaining buffer
[waypoint_follower-10] sequence size exceeds remaining buffer
[behavior_server-8] sequence size exceeds remaining buffer
[planner_server-7] sequence size exceeds remaining buffer
[controller_server-5] sequence size exceeds remaining buffer
[exploration_coordinator-13] sequence size exceeds remaining buffer
[smoother_server-6] sequence size exceeds remaining buffer
[behavior_server-8] sequence size exceeds remaining buffer
[bt_navigator-9] sequence size exceeds remaining buffer
[robot_state_publisher-2] sequence size exceeds remaining buffer
[controller_server-5] sequence size exceeds remaining buffer
[waypoint_follower-10] sequence size exceeds remaining buffer
[smoother_server-6] sequence size exceeds remaining buffer
[planner_server-7] sequence size exceeds remaining buffer
[bt_navigator-9] sequence size exceeds remaining buffer
[bt_navigator-9] sequence size exceeds remaining buffer
[gzserver-1] sequence size exceeds remaining buffer
[gzserver-1] sequence size exceeds remaining buffer
[exploration_coordinator-13] sequence size exceeds remaining buffer
[sync_slam_toolbox_node-4] sequence size exceeds remaining buffer
[smoother_server-6] sequence size exceeds remaining buffer
[velocity_smoother-11] sequence size exceeds remaining buffer
[planner_server-7] sequence size exceeds remaining buffer
[behavior_server-8] sequence size exceeds remaining buffer
[waypoint_follower-10] sequence size exceeds remaining buffer
[exploration_coordinator-13] sequence size exceeds remaining buffer
[controller_server-5] sequence size exceeds remaining buffer
[robot_state_publisher-2] sequence size exceeds remaining buffer
[slam_evaluator-14] sequence size exceeds remaining buffer
[slam_evaluator-14] sequence size exceeds remaining buffer
[behavior_server-8] sequence size exceeds remaining buffer
[lifecycle_manager-12] sequence size exceeds remaining buffer
[gzserver-1] sequence size exceeds remaining buffer
[gzserver-1] sequence size exceeds remaining buffer
[gzserver-1] sequence size exceeds remaining buffer
[waypoint_follower-10] sequence size exceeds remaining buffer
[planner_server-7] sequence size exceeds remaining buffer
[sync_slam_toolbox_node-4] sequence size exceeds remaining buffer
[slam_evaluator-14] sequence size exceeds remaining buffer
[exploration_coordinator-13] sequence size exceeds remaining buffer
[smoother_server-6] sequence size exceeds remaining buffer
[smoother_server-6] sequence size exceeds remaining buffer
[smoother_server-6] sequence size exceeds remaining buffer
[lifecycle_manager-12] sequence size exceeds remaining buffer
[bt_navigator-9] sequence size exceeds remaining buffer
[robot_state_publisher-2] sequence size exceeds remaining buffer
[planner_server-7] sequence size exceeds remaining buffer
[slam_evaluator-14] sequence size exceeds remaining buffer
[velocity_smoother-11] sequence size exceeds remaining buffer
[bt_navigator-9] sequence size exceeds remaining buffer
[robot_state_publisher-2] sequence size exceeds remaining buffer
[slam_evaluator-14] sequence size exceeds remaining buffer
[velocity_smoother-11] sequence size exceeds remaining buffer
[planner_server-7] sequence size exceeds remaining buffer
[planner_server-7] sequence size exceeds remaining buffer
[waypoint_follower-10] sequence size exceeds remaining buffer
[velocity_smoother-11] sequence size exceeds remaining buffer
[waypoint_follower-10] sequence size exceeds remaining buffer
[controller_server-5] sequence size exceeds remaining buffer
[controller_server-5] sequence size exceeds remaining buffer
[gzserver-1] sequence size exceeds remaining buffer
[gzserver-1] sequence size exceeds remaining buffer
[sync_slam_toolbox_node-4] sequence size exceeds remaining buffer
[slam_evaluator-14] sequence size exceeds remaining buffer
[lifecycle_manager-12] sequence size exceeds remaining buffer
[smoother_server-6] sequence size exceeds remaining buffer
[exploration_coordinator-13] sequence size exceeds remaining buffer
[planner_server-7] sequence size exceeds remaining buffer
[bt_navigator-9] sequence size exceeds remaining buffer
[waypoint_follower-10] sequence size exceeds remaining buffer
[sync_slam_toolbox_node-4] sequence size exceeds remaining buffer
[slam_evaluator-14] sequence size exceeds remaining buffer
[bt_navigator-9] sequence size exceeds remaining buffer
[exploration_coordinator-13] sequence size exceeds remaining buffer
[exploration_coordinator-13] sequence size exceeds remaining buffer
[lifecycle_manager-12] sequence size exceeds remaining buffer
[robot_state_publisher-2] sequence size exceeds remaining buffer
[bt_navigator-9] sequence size exceeds remaining buffer
[velocity_smoother-11] sequence size exceeds remaining buffer
[controller_server-5] sequence size exceeds remaining buffer
[behavior_server-8] sequence size exceeds remaining buffer
[gzserver-1] sequence size exceeds remaining buffer
[slam_evaluator-14] sequence size exceeds remaining buffer
[lifecycle_manager-12] sequence size exceeds remaining buffer
[lifecycle_manager-12] sequence size exceeds remaining buffer
[sync_slam_toolbox_node-4] sequence size exceeds remaining buffer
[planner_server-7] sequence size exceeds remaining buffer
[smoother_server-6] sequence size exceeds remaining buffer
[gzserver-1] sequence size exceeds remaining buffer
[lifecycle_manager-12] sequence size exceeds remaining buffer
[exploration_coordinator-13] sequence size exceeds remaining buffer
[velocity_smoother-11] sequence size exceeds remaining buffer
[bt_navigator-9] sequence size exceeds remaining buffer
[behavior_server-8] sequence size exceeds remaining buffer
[controller_server-5] sequence size exceeds remaining buffer
[bt_navigator-9] sequence size exceeds remaining buffer
[waypoint_follower-10] sequence size exceeds remaining buffer
[robot_state_publisher-2] sequence size exceeds remaining buffer
[behavior_server-8] sequence size exceeds remaining buffer
[behavior_server-8] sequence size exceeds remaining buffer
[lifecycle_manager-12] sequence size exceeds remaining buffer
[lifecycle_manager-12] sequence size exceeds remaining buffer
[gzserver-1] sequence size exceeds remaining buffer
[gzserver-1] sequence size exceeds remaining buffer
[smoother_server-6] sequence size exceeds remaining buffer
[smoother_server-6] sequence size exceeds remaining buffer
[bt_navigator-9] sequence size exceeds remaining buffer
[smoother_server-6] sequence size exceeds remaining buffer
[robot_state_publisher-2] sequence size exceeds remaining buffer
[slam_evaluator-14] sequence size exceeds remaining buffer
[velocity_smoother-11] sequence size exceeds remaining buffer
[planner_server-7] sequence size exceeds remaining buffer
[planner_server-7] sequence size exceeds remaining buffer
[velocity_smoother-11] sequence size exceeds remaining buffer
[exploration_coordinator-13] sequence size exceeds remaining buffer
[waypoint_follower-10] sequence size exceeds remaining buffer
[behavior_server-8] sequence size exceeds remaining buffer
[sync_slam_toolbox_node-4] sequence size exceeds remaining buffer
[gzserver-1] sequence size exceeds remaining buffer
[robot_state_publisher-2] sequence size exceeds remaining buffer
[controller_server-5] sequence size exceeds remaining buffer
[planner_server-7] sequence size exceeds remaining buffer
[bt_navigator-9] sequence size exceeds remaining buffer
[robot_state_publisher-2] sequence size exceeds remaining buffer
[slam_evaluator-14] sequence size exceeds remaining buffer
[velocity_smoother-11] sequence size exceeds remaining buffer
[planner_server-7] sequence size exceeds remaining buffer
[exploration_coordinator-13] sequence size exceeds remaining buffer
[behavior_server-8] sequence size exceeds remaining buffer
[smoother_server-6] sequence size exceeds remaining buffer
[planner_server-7] sequence size exceeds remaining buffer
[robot_state_publisher-2] sequence size exceeds remaining buffer
[lifecycle_manager-12] sequence size exceeds remaining buffer
[slam_evaluator-14] sequence size exceeds remaining buffer
[slam_evaluator-14] sequence size exceeds remaining buffer
[controller_server-5] sequence size exceeds remaining buffer
[velocity_smoother-11] sequence size exceeds remaining buffer
[gzserver-1] sequence size exceeds remaining buffer
[slam_evaluator-14] sequence size exceeds remaining buffer
[waypoint_follower-10] sequence size exceeds remaining buffer
[sync_slam_toolbox_node-4] sequence size exceeds remaining buffer
[behavior_server-8] sequence size exceeds remaining buffer
[robot_state_publisher-2] sequence size exceeds remaining buffer
[lifecycle_manager-12] sequence size exceeds remaining buffer
[sync_slam_toolbox_node-4] sequence size exceeds remaining buffer
[lifecycle_manager-12] sequence size exceeds remaining buffer
[gzserver-1] sequence size exceeds remaining buffer
[smoother_server-6] sequence size exceeds remaining buffer
[planner_server-7] sequence size exceeds remaining buffer
[behavior_server-8] sequence size exceeds remaining buffer
[velocity_smoother-11] sequence size exceeds remaining buffer
[controller_server-5] sequence size exceeds remaining buffer
[exploration_coordinator-13] sequence size exceeds remaining buffer
[bt_navigator-9] sequence size exceeds remaining buffer
[waypoint_follower-10] sequence size exceeds remaining buffer
[exploration_coordinator-13] sequence size exceeds remaining buffer
[gzserver-1] sequence size exceeds remaining buffer
[smoother_server-6] sequence size exceeds remaining buffer
[lifecycle_manager-12] sequence size exceeds remaining buffer
[gzserver-1] sequence size exceeds remaining buffer
[controller_server-5] sequence size exceeds remaining buffer
[bt_navigator-9] sequence size exceeds remaining buffer
[sync_slam_toolbox_node-4] sequence size exceeds remaining buffer
[exploration_coordinator-13] sequence size exceeds remaining buffer
[waypoint_follower-10] sequence size exceeds remaining buffer
[sync_slam_toolbox_node-4] sequence size exceeds remaining buffer
[gzserver-1] sequence size exceeds remaining buffer
[smoother_server-6] sequence size exceeds remaining buffer
[robot_state_publisher-2] sequence size exceeds remaining buffer
[bt_navigator-9] sequence size exceeds remaining buffer
[robot_state_publisher-2] sequence size exceeds remaining buffer
[planner_server-7] sequence size exceeds remaining buffer
[sync_slam_toolbox_node-4] sequence size exceeds remaining buffer
[lifecycle_manager-12] sequence size exceeds remaining buffer
[gzserver-1] sequence size exceeds remaining buffer
[planner_server-7] sequence size exceeds remaining buffer
[smoother_server-6] sequence size exceeds remaining buffer
[velocity_smoother-11] sequence size exceeds remaining buffer
[exploration_coordinator-13] sequence size exceeds remaining buffer
[behavior_server-8] sequence size exceeds remaining buffer
[bt_navigator-9] sequence size exceeds remaining buffer
[waypoint_follower-10] sequence size exceeds remaining buffer
[controller_server-5] sequence size exceeds remaining buffer
[slam_evaluator-14] sequence size exceeds remaining buffer
[waypoint_follower-10] sequence size exceeds remaining buffer
[exploration_coordinator-13] sequence size exceeds remaining buffer
[smoother_server-6] sequence size exceeds remaining buffer
[planner_server-7] sequence size exceeds remaining buffer
[robot_state_publisher-2] sequence size exceeds remaining buffer
[slam_evaluator-14] sequence size exceeds remaining buffer
[robot_state_publisher-2] sequence size exceeds remaining buffer
[lifecycle_manager-12] sequence size exceeds remaining buffer
[bt_navigator-9] sequence size exceeds remaining buffer
[velocity_smoother-11] sequence size exceeds remaining buffer
[exploration_coordinator-13] sequence size exceeds remaining buffer
[slam_evaluator-14] sequence size exceeds remaining buffer
[waypoint_follower-10] sequence size exceeds remaining buffer
[sync_slam_toolbox_node-4] sequence size exceeds remaining buffer
[behavior_server-8] sequence size exceeds remaining buffer
[controller_server-5] sequence size exceeds remaining buffer
[velocity_smoother-11] sequence size exceeds remaining buffer
[waypoint_follower-10] sequence size exceeds remaining buffer
[gzserver-1] sequence size exceeds remaining buffer
[controller_server-5] sequence size exceeds remaining buffer
[smoother_server-6] sequence size exceeds remaining buffer
[gzserver-1] sequence size exceeds remaining buffer
[lifecycle_manager-12] sequence size exceeds remaining buffer
[bt_navigator-9] sequence size exceeds remaining buffer
[robot_state_publisher-2] sequence size exceeds remaining buffer
[slam_evaluator-14] sequence size exceeds remaining buffer
[waypoint_follower-10] sequence size exceeds remaining buffer
[exploration_coordinator-13] sequence size exceeds remaining buffer
[controller_server-5] sequence size exceeds remaining buffer
[smoother_server-6] sequence size exceeds remaining buffer
[slam_evaluator-14] sequence size exceeds remaining buffer
[planner_server-7] sequence size exceeds remaining buffer
[robot_state_publisher-2] sequence size exceeds remaining buffer
[lifecycle_manager-12] sequence size exceeds remaining buffer
[bt_navigator-9] sequence size exceeds remaining buffer
[velocity_smoother-11] sequence size exceeds remaining buffer
[gzserver-1] sequence size exceeds remaining buffer
[gzserver-1] sequence size exceeds remaining buffer
[lifecycle_manager-12] sequence size exceeds remaining buffer
[planner_server-7] sequence size exceeds remaining buffer
[sync_slam_toolbox_node-4] sequence size exceeds remaining buffer
[behavior_server-8] sequence size exceeds remaining buffer
[velocity_smoother-11] sequence size exceeds remaining buffer
[smoother_server-6] sequence size exceeds remaining buffer
[bt_navigator-9] sequence size exceeds remaining buffer
[waypoint_follower-10] sequence size exceeds remaining buffer
[exploration_coordinator-13] sequence size exceeds remaining buffer
[exploration_coordinator-13] sequence size exceeds remaining buffer
[controller_server-5] sequence size exceeds remaining buffer
[velocity_smoother-11] sequence size exceeds remaining buffer
[robot_state_publisher-2] sequence size exceeds remaining buffer
[slam_evaluator-14] sequence size exceeds remaining buffer
[slam_evaluator-14] sequence size exceeds remaining buffer
[waypoint_follower-10] sequence size exceeds remaining buffer
[waypoint_follower-10] sequence size exceeds remaining buffer
[exploration_coordinator-13] sequence size exceeds remaining buffer
[controller_server-5] sequence size exceeds remaining buffer
[smoother_server-6] sequence size exceeds remaining buffer
[planner_server-7] sequence size exceeds remaining buffer
[slam_evaluator-14] sequence size exceeds remaining buffer
[lifecycle_manager-12] sequence size exceeds remaining buffer
[sync_slam_toolbox_node-4] sequence size exceeds remaining buffer
[gzserver-1] sequence size exceeds remaining buffer
[velocity_smoother-11] sequence size exceeds remaining buffer
[velocity_smoother-11] sequence size exceeds remaining buffer
[smoother_server-6] sequence size exceeds remaining buffer
[planner_server-7] sequence size exceeds remaining buffer
[exploration_coordinator-13] sequence size exceeds remaining buffer
[lifecycle_manager-12] sequence size exceeds remaining buffer
[bt_navigator-9] sequence size exceeds remaining buffer
[robot_state_publisher-2] sequence size exceeds remaining buffer
[behavior_server-8] sequence size exceeds remaining buffer
[gzserver-1] sequence size exceeds remaining buffer
[bt_navigator-9] sequence size exceeds remaining buffer
[controller_server-5] sequence size exceeds remaining buffer
[behavior_server-8] sequence size exceeds remaining buffer
[waypoint_follower-10] sequence size exceeds remaining buffer
[exploration_coordinator-13] sequence size exceeds remaining buffer
[controller_server-5] sequence size exceeds remaining buffer
[smoother_server-6] sequence size exceeds remaining buffer
[planner_server-7] sequence size exceeds remaining buffer
[slam_evaluator-14] sequence size exceeds remaining buffer
[lifecycle_manager-12] sequence size exceeds remaining buffer
[robot_state_publisher-2] sequence size exceeds remaining buffer
[velocity_smoother-11] sequence size exceeds remaining buffer
[bt_navigator-9] sequence size exceeds remaining buffer
[gzserver-1] sequence size exceeds remaining buffer
[waypoint_follower-10] sequence size exceeds remaining buffer
[sync_slam_toolbox_node-4] sequence size exceeds remaining buffer
[sync_slam_toolbox_node-4] sequence size exceeds remaining buffer
[behavior_server-8] sequence size exceeds remaining buffer
[behavior_server-8] sequence size exceeds remaining buffer
[behavior_server-8] sequence size exceeds remaining buffer
[sync_slam_toolbox_node-4] sequence size exceeds remaining buffer
[sync_slam_toolbox_node-4] sequence size exceeds remaining buffer
[sync_slam_toolbox_node-4] sequence size exceeds remaining buffer
[planner_server-7] sequence size exceeds remaining buffer
[behavior_server-8] sequence size exceeds remaining buffer
[controller_server-5] sequence size exceeds remaining buffer
[bt_navigator-9] sequence size exceeds remaining buffer
[behavior_server-8] sequence size exceeds remaining buffer
[robot_state_publisher-2] sequence size exceeds remaining buffer
[sync_slam_toolbox_node-4] sequence size exceeds remaining buffer
[waypoint_follower-10] sequence size exceeds remaining buffer
[exploration_coordinator-13] sequence size exceeds remaining buffer
[controller_server-5] sequence size exceeds remaining buffer
[gzserver-1] sequence size exceeds remaining buffer
[smoother_server-6] sequence size exceeds remaining buffer
[planner_server-7] sequence size exceeds remaining buffer
[slam_evaluator-14] sequence size exceeds remaining buffer
[sync_slam_toolbox_node-4] sequence size exceeds remaining buffer
[lifecycle_manager-12] sequence size exceeds remaining buffer
[robot_state_publisher-2] sequence size exceeds remaining buffer
[bt_navigator-9] sequence size exceeds remaining buffer
[velocity_smoother-11] sequence size exceeds remaining buffer
[behavior_server-8] sequence size exceeds remaining buffer
[behavior_server-8] sequence size exceeds remaining buffer
[sync_slam_toolbox_node-4] sequence size exceeds remaining buffer
[sync_slam_toolbox_node-4] sequence size exceeds remaining buffer
[behavior_server-8] sequence size exceeds remaining buffer
[sync_slam_toolbox_node-4] sequence size exceeds remaining buffer
[sync_slam_toolbox_node-4] sequence size exceeds remaining buffer
[sync_slam_toolbox_node-4] sequence size exceeds remaining buffer
[behavior_server-8] sequence size exceeds remaining buffer
[behavior_server-8] sequence size exceeds remaining buffer
[behavior_server-8] sequence size exceeds remaining buffer
[behavior_server-8] sequence size exceeds remaining buffer
[sync_slam_toolbox_node-4] sequence size exceeds remaining buffer
[sync_slam_toolbox_node-4] sequence size exceeds remaining buffer
[behavior_server-8] sequence size exceeds remaining buffer
[behavior_server-8] sequence size exceeds remaining buffer
[sync_slam_toolbox_node-4] sequence size exceeds remaining buffer
[smoother_server-6] sequence size exceeds remaining buffer
[gzserver-1] sequence size exceeds remaining buffer
[slam_evaluator-14] sequence size exceeds remaining buffer
[lifecycle_manager-12] sequence size exceeds remaining buffer
[velocity_smoother-11] sequence size exceeds remaining buffer
[exploration_coordinator-13] sequence size exceeds remaining buffer
[sync_slam_toolbox_node-4] sequence size exceeds remaining buffer
[exploration_coordinator-13] sequence size exceeds remaining buffer
[waypoint_follower-10] sequence size exceeds remaining buffer
[behavior_server-8] sequence size exceeds remaining buffer
[gzserver-1] sequence size exceeds remaining buffer
[controller_server-5] sequence size exceeds remaining buffer
[smoother_server-6] sequence size exceeds remaining buffer
[slam_evaluator-14] sequence size exceeds remaining buffer
[planner_server-7] sequence size exceeds remaining buffer
[lifecycle_manager-12] sequence size exceeds remaining buffer
[velocity_smoother-11] sequence size exceeds remaining buffer
[robot_state_publisher-2] sequence size exceeds remaining buffer
[bt_navigator-9] sequence size exceeds remaining buffer
[sync_slam_toolbox_node-4] sequence size exceeds remaining buffer
[waypoint_follower-10] sequence size exceeds remaining buffer
[exploration_coordinator-13] sequence size exceeds remaining buffer
[behavior_server-8] sequence size exceeds remaining buffer
[gzserver-1] sequence size exceeds remaining buffer
[controller_server-5] sequence size exceeds remaining buffer
[slam_evaluator-14] sequence size exceeds remaining buffer
[smoother_server-6] sequence size exceeds remaining buffer
[planner_server-7] sequence size exceeds remaining buffer
[lifecycle_manager-12] sequence size exceeds remaining buffer
[robot_state_publisher-2] sequence size exceeds remaining buffer
[velocity_smoother-11] sequence size exceeds remaining buffer
[bt_navigator-9] sequence size exceeds remaining buffer
[sync_slam_toolbox_node-4] sequence size exceeds remaining buffer
[exploration_coordinator-13] sequence size exceeds remaining buffer
[waypoint_follower-10] sequence size exceeds remaining buffer
[behavior_server-8] sequence size exceeds remaining buffer
[gzserver-1] sequence size exceeds remaining buffer
[controller_server-5] sequence size exceeds remaining buffer
[smoother_server-6] sequence size exceeds remaining buffer
[planner_server-7] sequence size exceeds remaining buffer
[slam_evaluator-14] sequence size exceeds remaining buffer
[lifecycle_manager-12] sequence size exceeds remaining buffer
[robot_state_publisher-2] sequence size exceeds remaining buffer
[velocity_smoother-11] sequence size exceeds remaining buffer
[bt_navigator-9] sequence size exceeds remaining buffer
[robot_state_publisher-2] sequence size exceeds remaining buffer
[bt_navigator-9] sequence size exceeds remaining buffer
[slam_evaluator-14] sequence size exceeds remaining buffer
[velocity_smoother-11] sequence size exceeds remaining buffer
[waypoint_follower-10] sequence size exceeds remaining buffer
[exploration_coordinator-13] sequence size exceeds remaining buffer
[planner_server-7] sequence size exceeds remaining buffer
[controller_server-5] sequence size exceeds remaining buffer
[behavior_server-8] sequence size exceeds remaining buffer
[sync_slam_toolbox_node-4] sequence size exceeds remaining buffer
[sync_slam_toolbox_node-4] sequence size exceeds remaining buffer
[waypoint_follower-10] sequence size exceeds remaining buffer
[bt_navigator-9] sequence size exceeds remaining buffer
[lifecycle_manager-12] sequence size exceeds remaining buffer
[exploration_coordinator-13] sequence size exceeds remaining buffer
[behavior_server-8] sequence size exceeds remaining buffer
[gzserver-1] sequence size exceeds remaining buffer
[controller_server-5] sequence size exceeds remaining buffer
[lifecycle_manager-12] sequence size exceeds remaining buffer
[smoother_server-6] sequence size exceeds remaining buffer
[planner_server-7] sequence size exceeds remaining buffer
[slam_evaluator-14] sequence size exceeds remaining buffer
[robot_state_publisher-2] sequence size exceeds remaining buffer
[gzserver-1] sequence size exceeds remaining buffer
[smoother_server-6] sequence size exceeds remaining buffer
[velocity_smoother-11] sequence size exceeds remaining buffer
[robot_state_publisher-2] sequence size exceeds remaining buffer
[slam_evaluator-14] sequence size exceeds remaining buffer
[bt_navigator-9] sequence size exceeds remaining buffer
[bt_navigator-9] sequence size exceeds remaining buffer
[velocity_smoother-11] sequence size exceeds remaining buffer
[sync_slam_toolbox_node-4] sequence size exceeds remaining buffer
[behavior_server-8] sequence size exceeds remaining buffer
[lifecycle_manager-12] sequence size exceeds remaining buffer
[waypoint_follower-10] sequence size exceeds remaining buffer
[waypoint_follower-10] sequence size exceeds remaining buffer
[gzserver-1] sequence size exceeds remaining buffer
[sync_slam_toolbox_node-4] sequence size exceeds remaining buffer
[behavior_server-8] sequence size exceeds remaining buffer
[exploration_coordinator-13] sequence size exceeds remaining buffer
[exploration_coordinator-13] sequence size exceeds remaining buffer
[planner_server-7] sequence size exceeds remaining buffer
[planner_server-7] sequence size exceeds remaining buffer
[controller_server-5] sequence size exceeds remaining buffer
[controller_server-5] sequence size exceeds remaining buffer
[gzserver-1] sequence size exceeds remaining buffer
[smoother_server-6] sequence size exceeds remaining buffer
[smoother_server-6] sequence size exceeds remaining buffer
[slam_evaluator-14] sequence size exceeds remaining buffer
[robot_state_publisher-2] sequence size exceeds remaining buffer
[lifecycle_manager-12] sequence size exceeds remaining buffer
[velocity_smoother-11] sequence size exceeds remaining buffer
[bt_navigator-9] sequence size exceeds remaining buffer
[behavior_server-8] sequence size exceeds remaining buffer
[waypoint_follower-10] sequence size exceeds remaining buffer
[exploration_coordinator-13] sequence size exceeds remaining buffer
[sync_slam_toolbox_node-4] sequence size exceeds remaining buffer
[smoother_server-6] sequence size exceeds remaining buffer
[controller_server-5] sequence size exceeds remaining buffer
[gzserver-1] sequence size exceeds remaining buffer
[planner_server-7] sequence size exceeds remaining buffer
[lifecycle_manager-12] sequence size exceeds remaining buffer
[slam_evaluator-14] sequence size exceeds remaining buffer
[slam_evaluator-14] sequence size exceeds remaining buffer
[robot_state_publisher-2] sequence size exceeds remaining buffer
[robot_state_publisher-2] sequence size exceeds remaining buffer
[bt_navigator-9] sequence size exceeds remaining buffer
[velocity_smoother-11] sequence size exceeds remaining buffer
[velocity_smoother-11] sequence size exceeds remaining buffer
[gzserver-1] sequence size exceeds remaining buffer
[lifecycle_manager-12] sequence size exceeds remaining buffer
[exploration_coordinator-13] sequence size exceeds remaining buffer
[waypoint_follower-10] sequence size exceeds remaining buffer
[planner_server-7] sequence size exceeds remaining buffer
[controller_server-5] sequence size exceeds remaining buffer
[behavior_server-8] sequence size exceeds remaining buffer
[sync_slam_toolbox_node-4] sequence size exceeds remaining buffer
[smoother_server-6] sequence size exceeds remaining buffer
[behavior_server-8] sequence size exceeds remaining buffer
[sync_slam_toolbox_node-4] sequence size exceeds remaining buffer
[bt_navigator-9] sequence size exceeds remaining buffer
[waypoint_follower-10] sequence size exceeds remaining buffer
[exploration_coordinator-13] sequence size exceeds remaining buffer
[gzserver-1] sequence size exceeds remaining buffer
[smoother_server-6] sequence size exceeds remaining buffer
[controller_server-5] sequence size exceeds remaining buffer
[planner_server-7] sequence size exceeds remaining buffer
[bt_navigator-9] sequence size exceeds remaining buffer
[slam_evaluator-14] sequence size exceeds remaining buffer
[slam_evaluator-14] sequence size exceeds remaining buffer
[robot_state_publisher-2] sequence size exceeds remaining buffer
[robot_state_publisher-2] sequence size exceeds remaining buffer
[lifecycle_manager-12] sequence size exceeds remaining buffer
[velocity_smoother-11] sequence size exceeds remaining buffer
[velocity_smoother-11] sequence size exceeds remaining buffer
[gzserver-1] sequence size exceeds remaining buffer
[exploration_coordinator-13] sequence size exceeds remaining buffer
[waypoint_follower-10] sequence size exceeds remaining buffer
[planner_server-7] sequence size exceeds remaining buffer
[controller_server-5] sequence size exceeds remaining buffer
[behavior_server-8] sequence size exceeds remaining buffer
[sync_slam_toolbox_node-4] sequence size exceeds remaining buffer
[smoother_server-6] sequence size exceeds remaining buffer
[lifecycle_manager-12] sequence size exceeds remaining buffer
[robot_state_publisher-2] sequence size exceeds remaining buffer
[controller_server-5] sequence size exceeds remaining buffer
[behavior_server-8] sequence size exceeds remaining buffer
[sync_slam_toolbox_node-4] sequence size exceeds remaining buffer
[bt_navigator-9] sequence size exceeds remaining buffer
[exploration_coordinator-13] sequence size exceeds remaining buffer
[waypoint_follower-10] sequence size exceeds remaining buffer
[gzserver-1] sequence size exceeds remaining buffer
[smoother_server-6] sequence size exceeds remaining buffer
[planner_server-7] sequence size exceeds remaining buffer
[slam_evaluator-14] sequence size exceeds remaining buffer
[velocity_smoother-11] sequence size exceeds remaining buffer
[lifecycle_manager-12] sequence size exceeds remaining buffer
[bt_navigator-9] sequence size exceeds remaining buffer
[sync_slam_toolbox_node-4] sequence size exceeds remaining buffer
[behavior_server-8] sequence size exceeds remaining buffer
[exploration_coordinator-13] sequence size exceeds remaining buffer
[gzserver-1] sequence size exceeds remaining buffer
[planner_server-7] sequence size exceeds remaining buffer
[waypoint_follower-10] sequence size exceeds remaining buffer
[controller_server-5] sequence size exceeds remaining buffer
[slam_evaluator-14] sequence size exceeds remaining buffer
[lifecycle_manager-12] sequence size exceeds remaining buffer
[velocity_smoother-11] sequence size exceeds remaining buffer
[robot_state_publisher-2] sequence size exceeds remaining buffer
[smoother_server-6] sequence size exceeds remaining buffer
[sync_slam_toolbox_node-4] sequence size exceeds remaining buffer
[bt_navigator-9] sequence size exceeds remaining buffer
[waypoint_follower-10] sequence size exceeds remaining buffer
[gzserver-1] sequence size exceeds remaining buffer
[exploration_coordinator-13] sequence size exceeds remaining buffer
[behavior_server-8] sequence size exceeds remaining buffer
[controller_server-5] sequence size exceeds remaining buffer
[smoother_server-6] sequence size exceeds remaining buffer
[slam_evaluator-14] sequence size exceeds remaining buffer
[planner_server-7] sequence size exceeds remaining buffer
[velocity_smoother-11] sequence size exceeds remaining buffer
[lifecycle_manager-12] sequence size exceeds remaining buffer
[robot_state_publisher-2] sequence size exceeds remaining buffer
[bt_navigator-9] sequence size exceeds remaining buffer
[sync_slam_toolbox_node-4] sequence size exceeds remaining buffer
[waypoint_follower-10] sequence size exceeds remaining buffer
[controller_server-5] sequence size exceeds remaining buffer
[gzserver-1] sequence size exceeds remaining buffer
[exploration_coordinator-13] sequence size exceeds remaining buffer
[behavior_server-8] sequence size exceeds remaining buffer
[smoother_server-6] sequence size exceeds remaining buffer
[planner_server-7] sequence size exceeds remaining buffer
[slam_evaluator-14] sequence size exceeds remaining buffer
[velocity_smoother-11] sequence size exceeds remaining buffer
[robot_state_publisher-2] sequence size exceeds remaining buffer
[lifecycle_manager-12] sequence size exceeds remaining buffer
[slam_evaluator-14] sequence size exceeds remaining buffer
[velocity_smoother-11] sequence size exceeds remaining buffer
[robot_state_publisher-2] sequence size exceeds remaining buffer
[bt_navigator-9] sequence size exceeds remaining buffer
[gzserver-1] sequence size exceeds remaining buffer
[waypoint_follower-10] sequence size exceeds remaining buffer
[exploration_coordinator-13] sequence size exceeds remaining buffer
[lifecycle_manager-12] sequence size exceeds remaining buffer
[controller_server-5] sequence size exceeds remaining buffer
[planner_server-7] sequence size exceeds remaining buffer
[behavior_server-8] sequence size exceeds remaining buffer
[smoother_server-6] sequence size exceeds remaining buffer
[sync_slam_toolbox_node-4] sequence size exceeds remaining buffer
[robot_state_publisher-2] sequence size exceeds remaining buffer
[bt_navigator-9] sequence size exceeds remaining buffer
[slam_evaluator-14] sequence size exceeds remaining buffer
[velocity_smoother-11] sequence size exceeds remaining buffer
[lifecycle_manager-12] sequence size exceeds remaining buffer
[gzserver-1] sequence size exceeds remaining buffer
[planner_server-7] sequence size exceeds remaining buffer
[exploration_coordinator-13] sequence size exceeds remaining buffer
[waypoint_follower-10] sequence size exceeds remaining buffer
[controller_server-5] sequence size exceeds remaining buffer
[behavior_server-8] sequence size exceeds remaining buffer
[sync_slam_toolbox_node-4] sequence size exceeds remaining buffer
[smoother_server-6] sequence size exceeds remaining buffer
[robot_state_publisher-2] sequence size exceeds remaining buffer
[bt_navigator-9] sequence size exceeds remaining buffer
[slam_evaluator-14] sequence size exceeds remaining buffer
[velocity_smoother-11] sequence size exceeds remaining buffer
[lifecycle_manager-12] sequence size exceeds remaining buffer
[gzserver-1] sequence size exceeds remaining buffer
[exploration_coordinator-13] sequence size exceeds remaining buffer
[planner_server-7] sequence size exceeds remaining buffer
[waypoint_follower-10] sequence size exceeds remaining buffer
[controller_server-5] sequence size exceeds remaining buffer
[sync_slam_toolbox_node-4] sequence size exceeds remaining buffer
[behavior_server-8] sequence size exceeds remaining buffer
[smoother_server-6] sequence size exceeds remaining buffer
[velocity_smoother-11] sequence size exceeds remaining buffer
[robot_state_publisher-2] sequence size exceeds remaining buffer
[slam_evaluator-14] sequence size exceeds remaining buffer
[bt_navigator-9] sequence size exceeds remaining buffer
[gzserver-1] sequence size exceeds remaining buffer
[lifecycle_manager-12] sequence size exceeds remaining buffer
[waypoint_follower-10] sequence size exceeds remaining buffer
[exploration_coordinator-13] sequence size exceeds remaining buffer
[planner_server-7] sequence size exceeds remaining buffer
[sync_slam_toolbox_node-4] sequence size exceeds remaining buffer
[behavior_server-8] sequence size exceeds remaining buffer
[controller_server-5] sequence size exceeds remaining buffer
[smoother_server-6] sequence size exceeds remaining buffer
[velocity_smoother-11] sequence size exceeds remaining buffer
[robot_state_publisher-2] sequence size exceeds remaining buffer
[bt_navigator-9] sequence size exceeds remaining buffer
[slam_evaluator-14] sequence size exceeds remaining buffer
[waypoint_follower-10] sequence size exceeds remaining buffer
[gzserver-1] sequence size exceeds remaining buffer
[exploration_coordinator-13] sequence size exceeds remaining buffer
[lifecycle_manager-12] sequence size exceeds remaining buffer
[sync_slam_toolbox_node-4] sequence size exceeds remaining buffer
[planner_server-7] sequence size exceeds remaining buffer
[controller_server-5] sequence size exceeds remaining buffer
[behavior_server-8] sequence size exceeds remaining buffer
[smoother_server-6] sequence size exceeds remaining buffer
[robot_state_publisher-2] sequence size exceeds remaining buffer
[bt_navigator-9] sequence size exceeds remaining buffer
[slam_evaluator-14] sequence size exceeds remaining buffer
[velocity_smoother-11] sequence size exceeds remaining buffer
[gzserver-1] sequence size exceeds remaining buffer
[exploration_coordinator-13] sequence size exceeds remaining buffer
[lifecycle_manager-12] sequence size exceeds remaining buffer
[waypoint_follower-10] sequence size exceeds remaining buffer
[planner_server-7] sequence size exceeds remaining buffer
[sync_slam_toolbox_node-4] sequence size exceeds remaining buffer
[controller_server-5] sequence size exceeds remaining buffer
[behavior_server-8] sequence size exceeds remaining buffer
[smoother_server-6] sequence size exceeds remaining buffer
[robot_state_publisher-2] sequence size exceeds remaining buffer
[bt_navigator-9] sequence size exceeds remaining buffer
[velocity_smoother-11] sequence size exceeds remaining buffer
[gzserver-1] sequence size exceeds remaining buffer
[exploration_coordinator-13] sequence size exceeds remaining buffer
[slam_evaluator-14] sequence size exceeds remaining buffer
[lifecycle_manager-12] sequence size exceeds remaining buffer
[behavior_server-8] sequence size exceeds remaining buffer
[waypoint_follower-10] sequence size exceeds remaining buffer
[sync_slam_toolbox_node-4] sequence size exceeds remaining buffer
[planner_server-7] sequence size exceeds remaining buffer
[controller_server-5] sequence size exceeds remaining buffer
[smoother_server-6] sequence size exceeds remaining buffer
[velocity_smoother-11] sequence size exceeds remaining buffer
[robot_state_publisher-2] sequence size exceeds remaining buffer
[bt_navigator-9] sequence size exceeds remaining buffer
[slam_evaluator-14] sequence size exceeds remaining buffer
[waypoint_follower-10] sequence size exceeds remaining buffer
[controller_server-5] sequence size exceeds remaining buffer
[lifecycle_manager-12] sequence size exceeds remaining buffer
[planner_server-7] sequence size exceeds remaining buffer
[gzserver-1] sequence size exceeds remaining buffer
[exploration_coordinator-13] sequence size exceeds remaining buffer
[behavior_server-8] sequence size exceeds remaining buffer
[smoother_server-6] sequence size exceeds remaining buffer
[sync_slam_toolbox_node-4] sequence size exceeds remaining buffer
[robot_state_publisher-2] sequence size exceeds remaining buffer
[bt_navigator-9] sequence size exceeds remaining buffer
[velocity_smoother-11] sequence size exceeds remaining buffer
[behavior_server-8] sequence size exceeds remaining buffer
[controller_server-5] sequence size exceeds remaining buffer
[waypoint_follower-10] sequence size exceeds remaining buffer
[exploration_coordinator-13] sequence size exceeds remaining buffer
[gzserver-1] sequence size exceeds remaining buffer
[planner_server-7] sequence size exceeds remaining buffer
[lifecycle_manager-12] sequence size exceeds remaining buffer
[slam_evaluator-14] sequence size exceeds remaining buffer
[smoother_server-6] sequence size exceeds remaining buffer
[sync_slam_toolbox_node-4] sequence size exceeds remaining buffer
[slam_evaluator-14] sequence size exceeds remaining buffer
[smoother_server-6] sequence size exceeds remaining buffer
[controller_server-5] sequence size exceeds remaining buffer
[bt_navigator-9] sequence size exceeds remaining buffer
[velocity_smoother-11] sequence size exceeds remaining buffer
[waypoint_follower-10] sequence size exceeds remaining buffer
[behavior_server-8] sequence size exceeds remaining buffer
[planner_server-7] sequence size exceeds remaining buffer
[gzserver-1] sequence size exceeds remaining buffer
[robot_state_publisher-2] sequence size exceeds remaining buffer
[exploration_coordinator-13] sequence size exceeds remaining buffer
[sync_slam_toolbox_node-4] sequence size exceeds remaining buffer
[lifecycle_manager-12] sequence size exceeds remaining buffer
[slam_evaluator-14] sequence size exceeds remaining buffer
[smoother_server-6] sequence size exceeds remaining buffer
[controller_server-5] sequence size exceeds remaining buffer
[robot_state_publisher-2] sequence size exceeds remaining buffer
[exploration_coordinator-13] sequence size exceeds remaining buffer
[lifecycle_manager-12] sequence size exceeds remaining buffer
[bt_navigator-9] sequence size exceeds remaining buffer
[velocity_smoother-11] sequence size exceeds remaining buffer
[waypoint_follower-10] sequence size exceeds remaining buffer
[sync_slam_toolbox_node-4] sequence size exceeds remaining buffer
[behavior_server-8] sequence size exceeds remaining buffer
[planner_server-7] sequence size exceeds remaining buffer
[gzserver-1] sequence size exceeds remaining buffer
[slam_evaluator-14] sequence size exceeds remaining buffer
[smoother_server-6] sequence size exceeds remaining buffer
[controller_server-5] sequence size exceeds remaining buffer
[robot_state_publisher-2] sequence size exceeds remaining buffer
[exploration_coordinator-13] sequence size exceeds remaining buffer
[lifecycle_manager-12] sequence size exceeds remaining buffer
[bt_navigator-9] sequence size exceeds remaining buffer
[velocity_smoother-11] sequence size exceeds remaining buffer
[waypoint_follower-10] sequence size exceeds remaining buffer
[sync_slam_toolbox_node-4] sequence size exceeds remaining buffer
[behavior_server-8] sequence size exceeds remaining buffer
[planner_server-7] sequence size exceeds remaining buffer
[gzserver-1] sequence size exceeds remaining buffer
[smoother_server-6] sequence size exceeds remaining buffer
[slam_evaluator-14] sequence size exceeds remaining buffer
[controller_server-5] sequence size exceeds remaining buffer
[robot_state_publisher-2] sequence size exceeds remaining buffer
[exploration_coordinator-13] sequence size exceeds remaining buffer
[lifecycle_manager-12] sequence size exceeds remaining buffer
[velocity_smoother-11] sequence size exceeds remaining buffer
[bt_navigator-9] sequence size exceeds remaining buffer
[sync_slam_toolbox_node-4] sequence size exceeds remaining buffer
[behavior_server-8] sequence size exceeds remaining buffer
[waypoint_follower-10] sequence size exceeds remaining buffer
[planner_server-7] sequence size exceeds remaining buffer
[gzserver-1] sequence size exceeds remaining buffer
[smoother_server-6] sequence size exceeds remaining buffer
[slam_evaluator-14] sequence size exceeds remaining buffer
[robot_state_publisher-2] sequence size exceeds remaining buffer
[controller_server-5] sequence size exceeds remaining buffer
[exploration_coordinator-13] sequence size exceeds remaining buffer
[bt_navigator-9] sequence size exceeds remaining buffer
[lifecycle_manager-12] sequence size exceeds remaining buffer
[velocity_smoother-11] sequence size exceeds remaining buffer
[waypoint_follower-10] sequence size exceeds remaining buffer
[sync_slam_toolbox_node-4] sequence size exceeds remaining buffer
[behavior_server-8] sequence size exceeds remaining buffer
[planner_server-7] sequence size exceeds remaining buffer
[gzserver-1] sequence size exceeds remaining buffer
[controller_server-5] sequence size exceeds remaining buffer
[slam_evaluator-14] sequence size exceeds remaining buffer
[robot_state_publisher-2] sequence size exceeds remaining buffer
[smoother_server-6] sequence size exceeds remaining buffer
[lifecycle_manager-12] sequence size exceeds remaining buffer
[exploration_coordinator-13] sequence size exceeds remaining buffer
[bt_navigator-9] sequence size exceeds remaining buffer
[velocity_smoother-11] sequence size exceeds remaining buffer
[sync_slam_toolbox_node-4] sequence size exceeds remaining buffer
[waypoint_follower-10] sequence size exceeds remaining buffer
[planner_server-7] sequence size exceeds remaining buffer
[behavior_server-8] sequence size exceeds remaining buffer
[gzserver-1] sequence size exceeds remaining buffer
[slam_evaluator-14] sequence size exceeds remaining buffer
[controller_server-5] sequence size exceeds remaining buffer
[smoother_server-6] sequence size exceeds remaining buffer
[robot_state_publisher-2] sequence size exceeds remaining buffer
[lifecycle_manager-12] sequence size exceeds remaining buffer
[bt_navigator-9] sequence size exceeds remaining buffer
[exploration_coordinator-13] sequence size exceeds remaining buffer
[velocity_smoother-11] sequence size exceeds remaining buffer
[sync_slam_toolbox_node-4] sequence size exceeds remaining buffer
[waypoint_follower-10] sequence size exceeds remaining buffer
[planner_server-7] sequence size exceeds remaining buffer
[behavior_server-8] sequence size exceeds remaining buffer
[gzserver-1] sequence size exceeds remaining buffer
[robot_state_publisher-2] sequence size exceeds remaining buffer
[slam_evaluator-14] sequence size exceeds remaining buffer
[smoother_server-6] sequence size exceeds remaining buffer
[controller_server-5] sequence size exceeds remaining buffer
[bt_navigator-9] sequence size exceeds remaining buffer
[lifecycle_manager-12] sequence size exceeds remaining buffer
[exploration_coordinator-13] sequence size exceeds remaining buffer
[velocity_smoother-11] sequence size exceeds remaining buffer
[sync_slam_toolbox_node-4] sequence size exceeds remaining buffer
[waypoint_follower-10] sequence size exceeds remaining buffer
[behavior_server-8] sequence size exceeds remaining buffer
[planner_server-7] sequence size exceeds remaining buffer
[gzserver-1] sequence size exceeds remaining buffer
[bt_navigator-9] sequence size exceeds remaining buffer
[smoother_server-6] sequence size exceeds remaining buffer
[smoother_server-6] sequence size exceeds remaining buffer
[slam_evaluator-14] sequence size exceeds remaining buffer
[waypoint_follower-10] sequence size exceeds remaining buffer
[controller_server-5] sequence size exceeds remaining buffer
[robot_state_publisher-2] sequence size exceeds remaining buffer
[planner_server-7] sequence size exceeds remaining buffer
[sync_slam_toolbox_node-4] sequence size exceeds remaining buffer
[exploration_coordinator-13] sequence size exceeds remaining buffer
[lifecycle_manager-12] sequence size exceeds remaining buffer
[velocity_smoother-11] sequence size exceeds remaining buffer
[robot_state_publisher-2] sequence size exceeds remaining buffer
[bt_navigator-9] sequence size exceeds remaining buffer
[exploration_coordinator-13] sequence size exceeds remaining buffer
[lifecycle_manager-12] sequence size exceeds remaining buffer
[velocity_smoother-11] sequence size exceeds remaining buffer
[sync_slam_toolbox_node-4] sequence size exceeds remaining buffer
[waypoint_follower-10] sequence size exceeds remaining buffer
[planner_server-7] sequence size exceeds remaining buffer
[gzserver-1] sequence size exceeds remaining buffer
[behavior_server-8] sequence size exceeds remaining buffer
[bt_navigator-9] sequence size exceeds remaining buffer
[smoother_server-6] sequence size exceeds remaining buffer
[planner_server-7] sequence size exceeds remaining buffer
[waypoint_follower-10] sequence size exceeds remaining buffer
[exploration_coordinator-13] sequence size exceeds remaining buffer
[sync_slam_toolbox_node-4] sequence size exceeds remaining buffer
[velocity_smoother-11] sequence size exceeds remaining buffer
[lifecycle_manager-12] sequence size exceeds remaining buffer
[robot_state_publisher-2] sequence size exceeds remaining buffer
[slam_evaluator-14] sequence size exceeds remaining buffer
[slam_evaluator-14] sequence size exceeds remaining buffer
[controller_server-5] sequence size exceeds remaining buffer
[controller_server-5] sequence size exceeds remaining buffer
[behavior_server-8] sequence size exceeds remaining buffer
[behavior_server-8] sequence size exceeds remaining buffer
[robot_state_publisher-2] sequence size exceeds remaining buffer
[smoother_server-6] sequence size exceeds remaining buffer
[gzserver-1] sequence size exceeds remaining buffer
[gzserver-1] sequence size exceeds remaining buffer
[exploration_coordinator-13] sequence size exceeds remaining buffer
[lifecycle_manager-12] sequence size exceeds remaining buffer
[lifecycle_manager-12] sequence size exceeds remaining buffer
[velocity_smoother-11] sequence size exceeds remaining buffer
[velocity_smoother-11] sequence size exceeds remaining buffer
[waypoint_follower-10] sequence size exceeds remaining buffer
[waypoint_follower-10] sequence size exceeds remaining buffer
[bt_navigator-9] sequence size exceeds remaining buffer
[bt_navigator-9] sequence size exceeds remaining buffer
[planner_server-7] sequence size exceeds remaining buffer
[planner_server-7] sequence size exceeds remaining buffer
[sync_slam_toolbox_node-4] sequence size exceeds remaining buffer
[sync_slam_toolbox_node-4] sequence size exceeds remaining buffer
[smoother_server-6] sequence size exceeds remaining buffer
[slam_evaluator-14] sequence size exceeds remaining buffer
[exploration_coordinator-13] sequence size exceeds remaining buffer
[behavior_server-8] sequence size exceeds remaining buffer
[controller_server-5] sequence size exceeds remaining buffer
[robot_state_publisher-2] sequence size exceeds remaining buffer
[gzserver-1] sequence size exceeds remaining buffer
[smoother_server-6] sequence size exceeds remaining buffer
[controller_server-5] sequence size exceeds remaining buffer
[robot_state_publisher-2] sequence size exceeds remaining buffer
[slam_evaluator-14] sequence size exceeds remaining buffer
[exploration_coordinator-13] sequence size exceeds remaining buffer
[bt_navigator-9] sequence size exceeds remaining buffer
[lifecycle_manager-12] sequence size exceeds remaining buffer
[velocity_smoother-11] sequence size exceeds remaining buffer
[slam_evaluator-14] sequence size exceeds remaining buffer
[waypoint_follower-10] sequence size exceeds remaining buffer
[behavior_server-8] sequence size exceeds remaining buffer
[sync_slam_toolbox_node-4] sequence size exceeds remaining buffer
[gzserver-1] sequence size exceeds remaining buffer
[planner_server-7] sequence size exceeds remaining buffer
[smoother_server-6] sequence size exceeds remaining buffer
[waypoint_follower-10] sequence size exceeds remaining buffer
[bt_navigator-9] sequence size exceeds remaining buffer
[exploration_coordinator-13] sequence size exceeds remaining buffer
[planner_server-7] sequence size exceeds remaining buffer
[behavior_server-8] sequence size exceeds remaining buffer
[sync_slam_toolbox_node-4] sequence size exceeds remaining buffer
[lifecycle_manager-12] sequence size exceeds remaining buffer
[velocity_smoother-11] sequence size exceeds remaining buffer
[controller_server-5] sequence size exceeds remaining buffer
[robot_state_publisher-2] sequence size exceeds remaining buffer
[gzserver-1] sequence size exceeds remaining buffer
[slam_evaluator-14] sequence size exceeds remaining buffer
[smoother_server-6] sequence size exceeds remaining buffer
[bt_navigator-9] sequence size exceeds remaining buffer
[waypoint_follower-10] sequence size exceeds remaining buffer
[planner_server-7] sequence size exceeds remaining buffer
[exploration_coordinator-13] sequence size exceeds remaining buffer
[behavior_server-8] sequence size exceeds remaining buffer
[sync_slam_toolbox_node-4] sequence size exceeds remaining buffer
[velocity_smoother-11] sequence size exceeds remaining buffer
[lifecycle_manager-12] sequence size exceeds remaining buffer
[controller_server-5] sequence size exceeds remaining buffer
[robot_state_publisher-2] sequence size exceeds remaining buffer
[slam_evaluator-14] sequence size exceeds remaining buffer
[gzserver-1] sequence size exceeds remaining buffer
[robot_state_publisher-2] sequence size exceeds remaining buffer
[smoother_server-6] sequence size exceeds remaining buffer
[controller_server-5] sequence size exceeds remaining buffer
[exploration_coordinator-13] sequence size exceeds remaining buffer
[lifecycle_manager-12] sequence size exceeds remaining buffer
[velocity_smoother-11] sequence size exceeds remaining buffer
[bt_navigator-9] sequence size exceeds remaining buffer
[waypoint_follower-10] sequence size exceeds remaining buffer
[behavior_server-8] sequence size exceeds remaining buffer
[planner_server-7] sequence size exceeds remaining buffer
[gzserver-1] sequence size exceeds remaining buffer
[sync_slam_toolbox_node-4] sequence size exceeds remaining buffer
[slam_evaluator-14] sequence size exceeds remaining buffer
[smoother_server-6] sequence size exceeds remaining buffer
[bt_navigator-9] sequence size exceeds remaining buffer
[waypoint_follower-10] sequence size exceeds remaining buffer
[behavior_server-8] sequence size exceeds remaining buffer
[planner_server-7] sequence size exceeds remaining buffer
[velocity_smoother-11] sequence size exceeds remaining buffer
[sync_slam_toolbox_node-4] sequence size exceeds remaining buffer
[lifecycle_manager-12] sequence size exceeds remaining buffer
[controller_server-5] sequence size exceeds remaining buffer
[robot_state_publisher-2] sequence size exceeds remaining buffer
[gzserver-1] sequence size exceeds remaining buffer
[slam_evaluator-14] sequence size exceeds remaining buffer
[smoother_server-6] sequence size exceeds remaining buffer
[bt_navigator-9] sequence size exceeds remaining buffer
[sync_slam_toolbox_node-4] sequence size exceeds remaining buffer
[waypoint_follower-10] sequence size exceeds remaining buffer
[behavior_server-8] sequence size exceeds remaining buffer
[velocity_smoother-11] sequence size exceeds remaining buffer
[planner_server-7] sequence size exceeds remaining buffer
[lifecycle_manager-12] sequence size exceeds remaining buffer
[controller_server-5] sequence size exceeds remaining buffer
[robot_state_publisher-2] sequence size exceeds remaining buffer
[gzserver-1] sequence size exceeds remaining buffer
[exploration_coordinator-13] sequence size exceeds remaining buffer
[slam_evaluator-14] sequence size exceeds remaining buffer
[gzserver-1] sequence size exceeds remaining buffer
[smoother_server-6] sequence size exceeds remaining buffer
[bt_navigator-9] sequence size exceeds remaining buffer
[planner_server-7] sequence size exceeds remaining buffer
[waypoint_follower-10] sequence size exceeds remaining buffer
[exploration_coordinator-13] sequence size exceeds remaining buffer
[behavior_server-8] sequence size exceeds remaining buffer
[lifecycle_manager-12] sequence size exceeds remaining buffer
[velocity_smoother-11] sequence size exceeds remaining buffer
[sync_slam_toolbox_node-4] sequence size exceeds remaining buffer
[controller_server-5] sequence size exceeds remaining buffer
[robot_state_publisher-2] sequence size exceeds remaining buffer
[slam_evaluator-14] sequence size exceeds remaining buffer
[waypoint_follower-10] sequence size exceeds remaining buffer
[gzserver-1] sequence size exceeds remaining buffer
[smoother_server-6] sequence size exceeds remaining buffer
[bt_navigator-9] sequence size exceeds remaining buffer
[sync_slam_toolbox_node-4] sequence size exceeds remaining buffer
[planner_server-7] sequence size exceeds remaining buffer
[exploration_coordinator-13] sequence size exceeds remaining buffer
[behavior_server-8] sequence size exceeds remaining buffer
[lifecycle_manager-12] sequence size exceeds remaining buffer
[velocity_smoother-11] sequence size exceeds remaining buffer
[controller_server-5] sequence size exceeds remaining buffer
[robot_state_publisher-2] sequence size exceeds remaining buffer
[slam_evaluator-14] sequence size exceeds remaining buffer
[gzserver-1] sequence size exceeds remaining buffer
[smoother_server-6] sequence size exceeds remaining buffer
[bt_navigator-9] sequence size exceeds remaining buffer
[exploration_coordinator-13] sequence size exceeds remaining buffer
[waypoint_follower-10] sequence size exceeds remaining buffer
[behavior_server-8] sequence size exceeds remaining buffer
[planner_server-7] sequence size exceeds remaining buffer
[velocity_smoother-11] sequence size exceeds remaining buffer
[sync_slam_toolbox_node-4] sequence size exceeds remaining buffer
[lifecycle_manager-12] sequence size exceeds remaining buffer
[slam_evaluator-14] sequence size exceeds remaining buffer
[smoother_server-6] sequence size exceeds remaining buffer
[controller_server-5] sequence size exceeds remaining buffer
[robot_state_publisher-2] sequence size exceeds remaining buffer
[gzserver-1] sequence size exceeds remaining buffer
[bt_navigator-9] sequence size exceeds remaining buffer
[waypoint_follower-10] sequence size exceeds remaining buffer
[exploration_coordinator-13] sequence size exceeds remaining buffer
[behavior_server-8] sequence size exceeds remaining buffer
[planner_server-7] sequence size exceeds remaining buffer
[sync_slam_toolbox_node-4] sequence size exceeds remaining buffer
[lifecycle_manager-12] sequence size exceeds remaining buffer
[velocity_smoother-11] sequence size exceeds remaining buffer
[controller_server-5] sequence size exceeds remaining buffer
[robot_state_publisher-2] sequence size exceeds remaining buffer
[smoother_server-6] sequence size exceeds remaining buffer
[slam_evaluator-14] sequence size exceeds remaining buffer
[gzserver-1] sequence size exceeds remaining buffer
[bt_navigator-9] sequence size exceeds remaining buffer
[planner_server-7] sequence size exceeds remaining buffer
[waypoint_follower-10] sequence size exceeds remaining buffer
[exploration_coordinator-13] sequence size exceeds remaining buffer
[behavior_server-8] sequence size exceeds remaining buffer
[sync_slam_toolbox_node-4] sequence size exceeds remaining buffer
[lifecycle_manager-12] sequence size exceeds remaining buffer
[velocity_smoother-11] sequence size exceeds remaining buffer
[controller_server-5] sequence size exceeds remaining buffer
[robot_state_publisher-2] sequence size exceeds remaining buffer
[slam_evaluator-14] sequence size exceeds remaining buffer
[smoother_server-6] sequence size exceeds remaining buffer
[gzserver-1] sequence size exceeds remaining buffer
[bt_navigator-9] sequence size exceeds remaining buffer
[exploration_coordinator-13] sequence size exceeds remaining buffer
[planner_server-7] sequence size exceeds remaining buffer
[waypoint_follower-10] sequence size exceeds remaining buffer
[behavior_server-8] sequence size exceeds remaining buffer
[velocity_smoother-11] sequence size exceeds remaining buffer
[sync_slam_toolbox_node-4] sequence size exceeds remaining buffer
[lifecycle_manager-12] sequence size exceeds remaining buffer
[robot_state_publisher-2] sequence size exceeds remaining buffer
[controller_server-5] sequence size exceeds remaining buffer
[slam_evaluator-14] sequence size exceeds remaining buffer
[gzserver-1] sequence size exceeds remaining buffer
[smoother_server-6] sequence size exceeds remaining buffer
[bt_navigator-9] sequence size exceeds remaining buffer
[waypoint_follower-10] sequence size exceeds remaining buffer
[exploration_coordinator-13] sequence size exceeds remaining buffer
[behavior_server-8] sequence size exceeds remaining buffer
[planner_server-7] sequence size exceeds remaining buffer
[lifecycle_manager-12] sequence size exceeds remaining buffer
[velocity_smoother-11] sequence size exceeds remaining buffer
[sync_slam_toolbox_node-4] sequence size exceeds remaining buffer
[robot_state_publisher-2] sequence size exceeds remaining buffer
[controller_server-5] sequence size exceeds remaining buffer
[smoother_server-6] sequence size exceeds remaining buffer
[slam_evaluator-14] sequence size exceeds remaining buffer
[gzserver-1] sequence size exceeds remaining buffer
[bt_navigator-9] sequence size exceeds remaining buffer
[planner_server-7] sequence size exceeds remaining buffer
[waypoint_follower-10] sequence size exceeds remaining buffer
[exploration_coordinator-13] sequence size exceeds remaining buffer
[behavior_server-8] sequence size exceeds remaining buffer
[sync_slam_toolbox_node-4] sequence size exceeds remaining buffer
[lifecycle_manager-12] sequence size exceeds remaining buffer
[velocity_smoother-11] sequence size exceeds remaining buffer
[controller_server-5] sequence size exceeds remaining buffer
[robot_state_publisher-2] sequence size exceeds remaining buffer
[slam_evaluator-14] sequence size exceeds remaining buffer
[gzserver-1] sequence size exceeds remaining buffer
[smoother_server-6] sequence size exceeds remaining buffer
[bt_navigator-9] sequence size exceeds remaining buffer
[waypoint_follower-10] sequence size exceeds remaining buffer
[exploration_coordinator-13] sequence size exceeds remaining buffer
[planner_server-7] sequence size exceeds remaining buffer
[behavior_server-8] sequence size exceeds remaining buffer
[lifecycle_manager-12] sequence size exceeds remaining buffer
[velocity_smoother-11] sequence size exceeds remaining buffer
[sync_slam_toolbox_node-4] sequence size exceeds remaining buffer
[robot_state_publisher-2] sequence size exceeds remaining buffer
[controller_server-5] sequence size exceeds remaining buffer
[gzserver-1] sequence size exceeds remaining buffer
[slam_evaluator-14] sequence size exceeds remaining buffer
[behavior_server-8] sequence size exceeds remaining buffer
[waypoint_follower-10] sequence size exceeds remaining buffer
[smoother_server-6] sequence size exceeds remaining buffer
[bt_navigator-9] sequence size exceeds remaining buffer
[planner_server-7] sequence size exceeds remaining buffer
[exploration_coordinator-13] sequence size exceeds remaining buffer
[velocity_smoother-11] sequence size exceeds remaining buffer
[lifecycle_manager-12] sequence size exceeds remaining buffer
[sync_slam_toolbox_node-4] sequence size exceeds remaining buffer
[robot_state_publisher-2] sequence size exceeds remaining buffer
[controller_server-5] sequence size exceeds remaining buffer
[smoother_server-6] sequence size exceeds remaining buffer
[slam_evaluator-14] sequence size exceeds remaining buffer
[bt_navigator-9] sequence size exceeds remaining buffer
[gzserver-1] sequence size exceeds remaining buffer
[planner_server-7] sequence size exceeds remaining buffer
[behavior_server-8] sequence size exceeds remaining buffer
[exploration_coordinator-13] sequence size exceeds remaining buffer
[waypoint_follower-10] sequence size exceeds remaining buffer
[velocity_smoother-11] sequence size exceeds remaining buffer
[lifecycle_manager-12] sequence size exceeds remaining buffer
[sync_slam_toolbox_node-4] sequence size exceeds remaining buffer
[controller_server-5] sequence size exceeds remaining buffer
[robot_state_publisher-2] sequence size exceeds remaining buffer
[gzserver-1] sequence size exceeds remaining buffer
[slam_evaluator-14] sequence size exceeds remaining buffer
[smoother_server-6] sequence size exceeds remaining buffer
[bt_navigator-9] sequence size exceeds remaining buffer
[waypoint_follower-10] sequence size exceeds remaining buffer
[planner_server-7] sequence size exceeds remaining buffer
[exploration_coordinator-13] sequence size exceeds remaining buffer
[controller_server-5] [INFO] [1782464443.672997611] [controller_server]: Passing new path to controller.
[controller_server-5] [INFO] [1782464444.174491946] [controller_server]: Reached the goal!
[bt_navigator-9] [INFO] [1782464444.212773217] [bt_navigator]: Goal succeeded
[exploration_coordinator-13] [INFO] [1782464444.212951820] [exploration_coordinator]: Nav2 reached GBSAE prior vertex 4.
[exploration_coordinator-13] [INFO] [1782464444.241964686] [exploration_coordinator]: Checking GBSAE prior vertex 25 loop revisit at (0.35, 0.15).
[exploration_coordinator-13] [INFO] [1782464444.248871779] [exploration_coordinator]: Navigating directly to GBSAE prior vertex 25 loop revisit: goal=(0.35, 0.15), cost=2.27.
[bt_navigator-9] [INFO] [1782464444.249506462] [bt_navigator]: Begin navigating from current location (0.24, 2.39) to (0.35, 0.15)
[controller_server-5] [INFO] [1782464444.269831814] [controller_server]: Received a goal, begin computing control effort.
[planner_server-7] [WARN] [1782464445.280515961] [planner_server]: Planner loop missed its desired rate of 20.0000 Hz. Current loop rate is 10.0000 Hz
[controller_server-5] [INFO] [1782464445.320010872] [controller_server]: Passing new path to controller.
[controller_server-5] [INFO] [1782464446.370010140] [controller_server]: Passing new path to controller.
[lifecycle_manager-12] sequence size exceeds remaining buffer
[waypoint_follower-10] sequence size exceeds remaining buffer
[slam_evaluator-14] sequence size exceeds remaining buffer
[robot_state_publisher-2] sequence size exceeds remaining buffer
[sync_slam_toolbox_node-4] sequence size exceeds remaining buffer
[planner_server-7] sequence size exceeds remaining buffer
[behavior_server-8] sequence size exceeds remaining buffer
[smoother_server-6] sequence size exceeds remaining buffer
[exploration_coordinator-13] sequence size exceeds remaining buffer
[gzserver-1] sequence size exceeds remaining buffer
[velocity_smoother-11] sequence size exceeds remaining buffer
[bt_navigator-9] sequence size exceeds remaining buffer
[controller_server-5] sequence size exceeds remaining buffer
[lifecycle_manager-12] sequence size exceeds remaining buffer
[waypoint_follower-10] sequence size exceeds remaining buffer
[slam_evaluator-14] sequence size exceeds remaining buffer
[robot_state_publisher-2] sequence size exceeds remaining buffer
[planner_server-7] sequence size exceeds remaining buffer
[sync_slam_toolbox_node-4] sequence size exceeds remaining buffer
[exploration_coordinator-13] sequence size exceeds remaining buffer
[behavior_server-8] sequence size exceeds remaining buffer
[gzserver-1] sequence size exceeds remaining buffer
[bt_navigator-9] sequence size exceeds remaining buffer
[smoother_server-6] sequence size exceeds remaining buffer
[velocity_smoother-11] sequence size exceeds remaining buffer
[controller_server-5] sequence size exceeds remaining buffer
[slam_evaluator-14] sequence size exceeds remaining buffer
[waypoint_follower-10] sequence size exceeds remaining buffer
[lifecycle_manager-12] sequence size exceeds remaining buffer
[planner_server-7] sequence size exceeds remaining buffer
[sync_slam_toolbox_node-4] sequence size exceeds remaining buffer
[robot_state_publisher-2] sequence size exceeds remaining buffer
[behavior_server-8] sequence size exceeds remaining buffer
[smoother_server-6] sequence size exceeds remaining buffer
[exploration_coordinator-13] sequence size exceeds remaining buffer
[velocity_smoother-11] sequence size exceeds remaining buffer
[gzserver-1] sequence size exceeds remaining buffer
[bt_navigator-9] sequence size exceeds remaining buffer
[controller_server-5] sequence size exceeds remaining buffer
[lifecycle_manager-12] sequence size exceeds remaining buffer
[waypoint_follower-10] sequence size exceeds remaining buffer
[slam_evaluator-14] sequence size exceeds remaining buffer
[behavior_server-8] sequence size exceeds remaining buffer
[sync_slam_toolbox_node-4] sequence size exceeds remaining buffer
[gzserver-1] sequence size exceeds remaining buffer
[robot_state_publisher-2] sequence size exceeds remaining buffer
[bt_navigator-9] sequence size exceeds remaining buffer
[planner_server-7] sequence size exceeds remaining buffer
[exploration_coordinator-13] sequence size exceeds remaining buffer
[smoother_server-6] sequence size exceeds remaining buffer
[velocity_smoother-11] sequence size exceeds remaining buffer
[controller_server-5] sequence size exceeds remaining buffer
[lifecycle_manager-12] sequence size exceeds remaining buffer
[waypoint_follower-10] sequence size exceeds remaining buffer
[slam_evaluator-14] sequence size exceeds remaining buffer
[robot_state_publisher-2] sequence size exceeds remaining buffer
[sync_slam_toolbox_node-4] sequence size exceeds remaining buffer
[planner_server-7] sequence size exceeds remaining buffer
[smoother_server-6] sequence size exceeds remaining buffer
[exploration_coordinator-13] sequence size exceeds remaining buffer
[behavior_server-8] sequence size exceeds remaining buffer
[gzserver-1] sequence size exceeds remaining buffer
[velocity_smoother-11] sequence size exceeds remaining buffer
[bt_navigator-9] sequence size exceeds remaining buffer
[controller_server-5] sequence size exceeds remaining buffer
[waypoint_follower-10] sequence size exceeds remaining buffer
[lifecycle_manager-12] sequence size exceeds remaining buffer
[robot_state_publisher-2] sequence size exceeds remaining buffer
[slam_evaluator-14] sequence size exceeds remaining buffer
[sync_slam_toolbox_node-4] sequence size exceeds remaining buffer
[planner_server-7] sequence size exceeds remaining buffer
[behavior_server-8] sequence size exceeds remaining buffer
[exploration_coordinator-13] sequence size exceeds remaining buffer
[velocity_smoother-11] sequence size exceeds remaining buffer
[gzserver-1] sequence size exceeds remaining buffer
[bt_navigator-9] sequence size exceeds remaining buffer
[smoother_server-6] sequence size exceeds remaining buffer
[controller_server-5] sequence size exceeds remaining buffer
[waypoint_follower-10] sequence size exceeds remaining buffer
[lifecycle_manager-12] sequence size exceeds remaining buffer
[planner_server-7] sequence size exceeds remaining buffer
[robot_state_publisher-2] sequence size exceeds remaining buffer
[sync_slam_toolbox_node-4] sequence size exceeds remaining buffer
[slam_evaluator-14] sequence size exceeds remaining buffer
[smoother_server-6] sequence size exceeds remaining buffer
[gzserver-1] sequence size exceeds remaining buffer
[behavior_server-8] sequence size exceeds remaining buffer
[exploration_coordinator-13] sequence size exceeds remaining buffer
[controller_server-5] sequence size exceeds remaining buffer
[bt_navigator-9] sequence size exceeds remaining buffer
[velocity_smoother-11] sequence size exceeds remaining buffer
[waypoint_follower-10] sequence size exceeds remaining buffer
[lifecycle_manager-12] sequence size exceeds remaining buffer
[slam_evaluator-14] sequence size exceeds remaining buffer
[planner_server-7] sequence size exceeds remaining buffer
[robot_state_publisher-2] sequence size exceeds remaining buffer
[behavior_server-8] sequence size exceeds remaining buffer
[sync_slam_toolbox_node-4] sequence size exceeds remaining buffer
[exploration_coordinator-13] sequence size exceeds remaining buffer
[velocity_smoother-11] sequence size exceeds remaining buffer
[smoother_server-6] sequence size exceeds remaining buffer
[bt_navigator-9] sequence size exceeds remaining buffer
[gzserver-1] sequence size exceeds remaining buffer
[controller_server-5] sequence size exceeds remaining buffer
[lifecycle_manager-12] sequence size exceeds remaining buffer
[sync_slam_toolbox_node-4] sequence size exceeds remaining buffer
[robot_state_publisher-2] sequence size exceeds remaining buffer
[slam_evaluator-14] sequence size exceeds remaining buffer
[waypoint_follower-10] sequence size exceeds remaining buffer
[behavior_server-8] sequence size exceeds remaining buffer
[exploration_coordinator-13] sequence size exceeds remaining buffer
[planner_server-7] sequence size exceeds remaining buffer
[bt_navigator-9] sequence size exceeds remaining buffer
[velocity_smoother-11] sequence size exceeds remaining buffer
[smoother_server-6] sequence size exceeds remaining buffer
[gzserver-1] sequence size exceeds remaining buffer
[controller_server-5] sequence size exceeds remaining buffer
[slam_evaluator-14] sequence size exceeds remaining buffer
[waypoint_follower-10] sequence size exceeds remaining buffer
[lifecycle_manager-12] sequence size exceeds remaining buffer
[sync_slam_toolbox_node-4] sequence size exceeds remaining buffer
[behavior_server-8] sequence size exceeds remaining buffer
[planner_server-7] sequence size exceeds remaining buffer
[robot_state_publisher-2] sequence size exceeds remaining buffer
[exploration_coordinator-13] sequence size exceeds remaining buffer
[velocity_smoother-11] sequence size exceeds remaining buffer
[smoother_server-6] sequence size exceeds remaining buffer
[gzserver-1] sequence size exceeds remaining buffer
[bt_navigator-9] sequence size exceeds remaining buffer
[controller_server-5] sequence size exceeds remaining buffer
[controller_server-5] [INFO] [1782464446.922418807] [controller_server]: Reached the goal!
[bt_navigator-9] [INFO] [1782464446.959781374] [bt_navigator]: Goal succeeded
[exploration_coordinator-13] [INFO] [1782464446.959962869] [exploration_coordinator]: Nav2 reached GBSAE prior vertex 25 during loop revisit.
[exploration_coordinator-13] [INFO] [1782464446.963280463] [exploration_coordinator]: Checking GBSAE prior vertex 4 loop revisit at (0.20, 2.60).
[exploration_coordinator-13] [INFO] [1782464446.969927758] [exploration_coordinator]: Navigating directly to GBSAE prior vertex 4 loop revisit: goal=(0.20, 2.60), cost=2.27.
[bt_navigator-9] [INFO] [1782464446.970308542] [bt_navigator]: Begin navigating from current location (0.31, 0.36) to (0.20, 2.60)
[controller_server-5] [INFO] [1782464446.990622288] [controller_server]: Received a goal, begin computing control effort.
[controller_server-5] [INFO] [1782464448.040793526] [controller_server]: Passing new path to controller.
[controller_server-5] [INFO] [1782464449.090790306] [controller_server]: Passing new path to controller.
[controller_server-5] [INFO] [1782464449.692313207] [controller_server]: Reached the goal!
[bt_navigator-9] [INFO] [1782464449.730582206] [bt_navigator]: Goal succeeded
[exploration_coordinator-13] [INFO] [1782464449.730789972] [exploration_coordinator]: Nav2 reached GBSAE prior vertex 4 during loop revisit.
[exploration_coordinator-13] [INFO] [1782464449.796957702] [exploration_coordinator]: GBSAE prior vertex 28 has 2 allocated safe frontier candidates, local_filter_ms=31.5.
[exploration_coordinator-13] [INFO] [1782464449.797184194] [exploration_coordinator]: Checking GBSAE allocated frontier source=unknown, information_gain=1.76m^2.
[exploration_coordinator-13] [INFO] [1782464449.807394482] [exploration_coordinator]: Navigating to frontier goal=(-4.03, 3.25), size=358, cost=7.39, source=unknown, information_gain=1.76m^2
[bt_navigator-9] [INFO] [1782464449.808015713] [bt_navigator]: Begin navigating from current location (0.26, 2.43) to (-4.03, 3.25)
[controller_server-5] [INFO] [1782464449.828442179] [controller_server]: Received a goal, begin computing control effort.
[controller_server-5] [INFO] [1782464450.878629708] [controller_server]: Passing new path to controller.
[planner_server-7] [WARN] [1782464451.869457924] [planner_server]: Planner loop missed its desired rate of 20.0000 Hz. Current loop rate is 10.0000 Hz
[controller_server-5] [INFO] [1782464451.928628236] [controller_server]: Passing new path to controller.
[controller_server-5] [INFO] [1782464452.928627889] [controller_server]: Passing new path to controller.
[controller_server-5] [INFO] [1782464453.978626284] [controller_server]: Passing new path to controller.
[sync_slam_toolbox_node-4] WARNING: Logging before InitGoogleLogging() is written to STDERR
[sync_slam_toolbox_node-4] W0626 17:00:54.423524 2252125 preprocessor.cc:62] Specified options.num_threads: 50 exceeds maximum available from the threading model Ceres was compiled with: 32.  Bounding to maximum number available.
[controller_server-5] [INFO] [1782464454.978580450] [controller_server]: Passing new path to controller.
[controller_server-5] [INFO] [1782464456.028628068] [controller_server]: Passing new path to controller.
[controller_server-5] [INFO] [1782464456.380121792] [controller_server]: Reached the goal!
[bt_navigator-9] [INFO] [1782464456.418263583] [bt_navigator]: Goal succeeded
[exploration_coordinator-13] [INFO] [1782464456.422565222] [exploration_coordinator]: Nav2 reached the active frontier goal.
[exploration_coordinator-13] [INFO] [1782464456.422970239] [exploration_coordinator]: Aligning with unknown frontier normal using Nav2 Spin: delta=0.76 rad.
[behavior_server-8] [INFO] [1782464456.423264058] [behavior_server]: Running spin
[behavior_server-8] [INFO] [1782464456.423316653] [behavior_server]: Turning 0.76 for spin behavior.
[behavior_server-8] [INFO] [1782464456.823552590] [behavior_server]: spin completed successfully
[exploration_coordinator-13] [INFO] [1782464456.824660566] [exploration_coordinator]: Probing beyond unknown frontier with Nav2 DriveOnHeading: distance=0.45m, speed=0.20m/s.
[behavior_server-8] [INFO] [1782464456.825080134] [behavior_server]: Running drive_on_heading
[behavior_server-8] [WARN] [1782464456.825303605] [behavior_server]: Collision Ahead - Exiting DriveOnHeading
[behavior_server-8] [WARN] [1782464456.825315906] [behavior_server]: drive_on_heading failed
[behavior_server-8] [WARN] [1782464456.825324268] [behavior_server]: [drive_on_heading] [ActionServer] Aborting handle.
[exploration_coordinator-13] [WARN] [1782464456.826634900] [exploration_coordinator]: Frontier probe ended with status=6; retrying.
[exploration_coordinator-13] [INFO] [1782464456.861068909] [exploration_coordinator]: Checking GBSAE prior vertex 28 at (-1.35, 1.85).
[exploration_coordinator-13] [INFO] [1782464456.873466793] [exploration_coordinator]: Navigating directly to GBSAE prior vertex 28: goal=(-1.35, 1.85), cost=5.27.
[bt_navigator-9] [INFO] [1782464456.874102038] [bt_navigator]: Begin navigating from current location (-4.14, 3.13) to (-1.35, 1.85)
[controller_server-5] [INFO] [1782464456.894446518] [controller_server]: Received a goal, begin computing control effort.
[controller_server-5] [INFO] [1782464457.944627012] [controller_server]: Passing new path to controller.
[controller_server-5] [INFO] [1782464458.994631267] [controller_server]: Passing new path to controller.
[controller_server-5] [INFO] [1782464459.994627064] [controller_server]: Passing new path to controller.
[controller_server-5] [INFO] [1782464461.044626993] [controller_server]: Passing new path to controller.
[controller_server-5] [INFO] [1782464461.996142637] [controller_server]: Reached the goal!
[bt_navigator-9] [INFO] [1782464462.034305220] [bt_navigator]: Goal succeeded
[exploration_coordinator-13] [INFO] [1782464462.039553940] [exploration_coordinator]: Nav2 reached GBSAE prior vertex 28.
[exploration_coordinator-13] [INFO] [1782464462.072441796] [exploration_coordinator]: Checking GBSAE prior vertex 24 loop revisit at (-1.35, 0.15).
[exploration_coordinator-13] [INFO] [1782464462.079106566] [exploration_coordinator]: Navigating directly to GBSAE prior vertex 24 loop revisit: goal=(-1.35, 0.15), cost=1.68.
[bt_navigator-9] [INFO] [1782464462.079506057] [bt_navigator]: Begin navigating from current location (-1.46, 1.77) to (-1.35, 0.15)
[controller_server-5] [INFO] [1782464462.099857760] [controller_server]: Received a goal, begin computing control effort.
[controller_server-5] [INFO] [1782464463.150030772] [controller_server]: Passing new path to controller.
[planner_server-7] [INFO] [1782464464.115295594] [global_costmap.global_costmap]: StaticLayer: Resizing static layer to 213 X 161 at 0.050000 m/pix
[controller_server-5] [INFO] [1782464464.200027656] [controller_server]: Passing new path to controller.
[controller_server-5] [INFO] [1782464464.201589252] [controller_server]: Reached the goal!
[bt_navigator-9] [INFO] [1782464464.249962252] [bt_navigator]: Goal succeeded
[exploration_coordinator-13] [INFO] [1782464464.250133761] [exploration_coordinator]: Nav2 reached GBSAE prior vertex 24 during loop revisit.
[exploration_coordinator-13] [INFO] [1782464464.274585080] [exploration_coordinator]: Checking GBSAE prior vertex 28 loop revisit at (-1.35, 1.85).
[exploration_coordinator-13] [INFO] [1782464464.281313451] [exploration_coordinator]: Navigating directly to GBSAE prior vertex 28 loop revisit: goal=(-1.35, 1.85), cost=1.52.
[bt_navigator-9] [INFO] [1782464464.281903253] [bt_navigator]: Begin navigating from current location (-1.42, 0.36) to (-1.35, 1.85)
[controller_server-5] [INFO] [1782464464.302216526] [controller_server]: Received a goal, begin computing control effort.
[controller_server-5] [INFO] [1782464465.352404437] [controller_server]: Passing new path to controller.
[controller_server-5] [INFO] [1782464466.402403645] [controller_server]: Passing new path to controller.
[controller_server-5] [INFO] [1782464466.403979201] [controller_server]: Reached the goal!
[bt_navigator-9] [INFO] [1782464466.452371042] [bt_navigator]: Goal succeeded
[exploration_coordinator-13] [INFO] [1782464466.452417421] [exploration_coordinator]: Nav2 reached GBSAE prior vertex 28 during loop revisit.
[exploration_coordinator-13] [INFO] [1782464466.479578980] [exploration_coordinator]: Checking GBSAE prior vertex 3 at (-1.80, 2.60).
[exploration_coordinator-13] [INFO] [1782464466.485987675] [exploration_coordinator]: Navigating directly to GBSAE prior vertex 3: goal=(-1.80, 2.60), cost=1.06.
[bt_navigator-9] [INFO] [1782464466.486599464] [bt_navigator]: Begin navigating from current location (-1.36, 1.66) to (-1.80, 2.60)
[controller_server-5] [INFO] [1782464466.506950566] [controller_server]: Received a goal, begin computing control effort.
[controller_server-5] [INFO] [1782464467.557121506] [controller_server]: Passing new path to controller.
[controller_server-5] [INFO] [1782464468.459520699] [controller_server]: Reached the goal!
[bt_navigator-9] [INFO] [1782464468.497045443] [bt_navigator]: Goal succeeded
[exploration_coordinator-13] [INFO] [1782464468.498888163] [exploration_coordinator]: Nav2 reached GBSAE prior vertex 3.
[exploration_coordinator-13] [INFO] [1782464468.523108494] [exploration_coordinator]: Checking GBSAE prior vertex 4 loop revisit at (0.20, 2.60).
[exploration_coordinator-13] [INFO] [1782464468.536689387] [exploration_coordinator]: Navigating directly to GBSAE prior vertex 4 loop revisit: goal=(0.20, 2.60), cost=1.88.
[bt_navigator-9] [INFO] [1782464468.537350947] [bt_navigator]: Begin navigating from current location (-1.66, 2.45) to (0.20, 2.60)
[controller_server-5] [INFO] [1782464468.557660261] [controller_server]: Received a goal, begin computing control effort.
[controller_server-5] [INFO] [1782464469.607843421] [controller_server]: Passing new path to controller.
[controller_server-5] [INFO] [1782464469.959094121] [controller_server]: Reached the goal!
[exploration_coordinator-13] [INFO] [1782464469.997790973] [exploration_coordinator]: Nav2 reached GBSAE prior vertex 4 during loop revisit.
[bt_navigator-9] [INFO] [1782464469.997790081] [bt_navigator]: Goal succeeded
[exploration_coordinator-13] [INFO] [1782464470.005758704] [exploration_coordinator]: Checking GBSAE prior vertex 3 loop revisit at (-1.80, 2.60).
[exploration_coordinator-13] [INFO] [1782464470.012645786] [exploration_coordinator]: Navigating directly to GBSAE prior vertex 3 loop revisit: goal=(-1.80, 2.60), cost=1.82.
[bt_navigator-9] [INFO] [1782464470.013181376] [bt_navigator]: Begin navigating from current location (0.00, 2.53) to (-1.80, 2.60)
[controller_server-5] [INFO] [1782464470.033502796] [controller_server]: Received a goal, begin computing control effort.
[controller_server-5] [INFO] [1782464471.083671471] [controller_server]: Passing new path to controller.
[controller_server-5] [INFO] [1782464472.133672244] [controller_server]: Passing new path to controller.
[controller_server-5] [INFO] [1782464472.985331158] [controller_server]: Reached the goal!
[bt_navigator-9] [INFO] [1782464473.023436046] [bt_navigator]: Goal succeeded
[exploration_coordinator-13] [INFO] [1782464473.023643227] [exploration_coordinator]: Nav2 reached GBSAE prior vertex 3 during loop revisit.
[exploration_coordinator-13] [INFO] [1782464473.050044583] [exploration_coordinator]: Checking GBSAE prior vertex 27 at (-3.05, 1.85).
[exploration_coordinator-13] [INFO] [1782464473.057268507] [exploration_coordinator]: Navigating directly to GBSAE prior vertex 27: goal=(-3.05, 1.85), cost=1.57.
[bt_navigator-9] [INFO] [1782464473.057845326] [bt_navigator]: Begin navigating from current location (-1.64, 2.54) to (-3.05, 1.85)
[controller_server-5] [INFO] [1782464473.078168392] [controller_server]: Received a goal, begin computing control effort.
[planner_server-7] [WARN] [1782464474.088694173] [planner_server]: Planner loop missed its desired rate of 20.0000 Hz. Current loop rate is 10.0000 Hz
[controller_server-5] [INFO] [1782464474.128341568] [controller_server]: Passing new path to controller.
[controller_server-5] [INFO] [1782464475.178343140] [controller_server]: Passing new path to controller.
[controller_server-5] [INFO] [1782464475.680718669] [controller_server]: Reached the goal!
[bt_navigator-9] [INFO] [1782464475.718307076] [bt_navigator]: Goal succeeded
[exploration_coordinator-13] [INFO] [1782464475.718523986] [exploration_coordinator]: Nav2 reached GBSAE prior vertex 27.
[exploration_coordinator-13] [INFO] [1782464475.733306861] [exploration_coordinator]: Checking GBSAE prior vertex 23 loop revisit at (-3.05, 0.15).
[exploration_coordinator-13] [INFO] [1782464475.743182267] [exploration_coordinator]: Navigating directly to GBSAE prior vertex 23 loop revisit: goal=(-3.05, 0.15), cost=1.82.
[bt_navigator-9] [INFO] [1782464475.743535656] [bt_navigator]: Begin navigating from current location (-2.91, 1.94) to (-3.05, 0.15)
[controller_server-5] [INFO] [1782464475.763824183] [controller_server]: Received a goal, begin computing control effort.
[controller_server-5] [INFO] [1782464476.813995727] [controller_server]: Passing new path to controller.
[controller_server-5] [INFO] [1782464477.863998109] [controller_server]: Passing new path to controller.
[controller_server-5] [INFO] [1782464478.015523030] [controller_server]: Reached the goal!
[bt_navigator-9] [INFO] [1782464478.053957299] [bt_navigator]: Goal succeeded
[exploration_coordinator-13] [INFO] [1782464478.054004081] [exploration_coordinator]: Nav2 reached GBSAE prior vertex 23 during loop revisit.
[exploration_coordinator-13] [INFO] [1782464478.056743179] [exploration_coordinator]: Checking GBSAE prior vertex 27 loop revisit at (-3.05, 1.85).
[exploration_coordinator-13] [INFO] [1782464478.063695473] [exploration_coordinator]: Navigating directly to GBSAE prior vertex 27 loop revisit: goal=(-3.05, 1.85), cost=1.52.
[bt_navigator-9] [INFO] [1782464478.064252308] [bt_navigator]: Begin navigating from current location (-3.02, 0.37) to (-3.05, 1.85)
[controller_server-5] [INFO] [1782464478.084573698] [controller_server]: Received a goal, begin computing control effort.
[controller_server-5] [INFO] [1782464479.134751645] [controller_server]: Passing new path to controller.
[controller_server-5] [INFO] [1782464480.184750831] [controller_server]: Passing new path to controller.
[controller_server-5] [INFO] [1782464480.186305637] [controller_server]: Reached the goal!
[bt_navigator-9] [INFO] [1782464480.234669149] [bt_navigator]: Goal succeeded
[exploration_coordinator-13] [INFO] [1782464480.234923433] [exploration_coordinator]: Nav2 reached GBSAE prior vertex 27 during loop revisit.
[exploration_coordinator-13] [INFO] [1782464480.262289547] [exploration_coordinator]: Checking GBSAE prior vertex 23 at (-3.05, 0.15).
[exploration_coordinator-13] [INFO] [1782464480.276246585] [exploration_coordinator]: Navigating directly to GBSAE prior vertex 23: goal=(-3.05, 0.15), cost=1.52.
[bt_navigator-9] [INFO] [1782464480.276877832] [bt_navigator]: Begin navigating from current location (-3.01, 1.67) to (-3.05, 0.15)
[controller_server-5] [INFO] [1782464480.297205838] [controller_server]: Received a goal, begin computing control effort.
[controller_server-5] [INFO] [1782464481.347373610] [controller_server]: Passing new path to controller.
[controller_server-5] [INFO] [1782464482.397372028] [controller_server]: Passing new path to controller.
[controller_server-5] [INFO] [1782464482.398930077] [controller_server]: Reached the goal!
[bt_navigator-9] [INFO] [1782464482.447157109] [bt_navigator]: Goal succeeded
[exploration_coordinator-13] [INFO] [1782464482.447322130] [exploration_coordinator]: Nav2 reached GBSAE prior vertex 23.
[exploration_coordinator-13] [INFO] [1782464482.463056632] [exploration_coordinator]: Checking GBSAE prior vertex 19 at (-3.05, -1.55).
[exploration_coordinator-13] [INFO] [1782464482.470305117] [exploration_coordinator]: Navigating directly to GBSAE prior vertex 19: goal=(-3.05, -1.55), cost=1.90.
[bt_navigator-9] [INFO] [1782464482.470867734] [bt_navigator]: Begin navigating from current location (-3.03, 0.33) to (-3.05, -1.55)
[controller_server-5] [INFO] [1782464482.491203345] [controller_server]: Received a goal, begin computing control effort.
[controller_server-5] [INFO] [1782464483.541374201] [controller_server]: Passing new path to controller.
[planner_server-7] [INFO] [1782464484.144864837] [global_costmap.global_costmap]: StaticLayer: Resizing static layer to 213 X 161 at 0.050000 m/pix
[controller_server-5] [INFO] [1782464484.591375208] [controller_server]: Passing new path to controller.
[controller_server-5] [INFO] [1782464485.142823770] [controller_server]: Reached the goal!
[bt_navigator-9] [INFO] [1782464485.181112635] [bt_navigator]: Goal succeeded
[exploration_coordinator-13] [INFO] [1782464485.181332263] [exploration_coordinator]: Nav2 reached GBSAE prior vertex 19.
[exploration_coordinator-13] [INFO] [1782464485.187385287] [exploration_coordinator]: Checking GBSAE prior vertex 11 loop revisit at (-1.80, -2.60).
[exploration_coordinator-13] [INFO] [1782464485.194424927] [exploration_coordinator]: Navigating directly to GBSAE prior vertex 11 loop revisit: goal=(-1.80, -2.60), cost=1.73.
[bt_navigator-9] [INFO] [1782464485.194983445] [bt_navigator]: Begin navigating from current location (-3.05, -1.38) to (-1.80, -2.60)
[controller_server-5] [INFO] [1782464485.215322341] [controller_server]: Received a goal, begin computing control effort.
[sync_slam_toolbox_node-4] W0626 17:01:25.593672 2252125 preprocessor.cc:62] Specified options.num_threads: 50 exceeds maximum available from the threading model Ceres was compiled with: 32.  Bounding to maximum number available.
[controller_server-5] [INFO] [1782464486.265496805] [controller_server]: Passing new path to controller.
[controller_server-5] [INFO] [1782464486.766991431] [controller_server]: Reached the goal!
[bt_navigator-9] [INFO] [1782464486.805205959] [bt_navigator]: Goal succeeded
[exploration_coordinator-13] [INFO] [1782464486.805397925] [exploration_coordinator]: Nav2 reached GBSAE prior vertex 11 during loop revisit.
[exploration_coordinator-13] [INFO] [1782464486.831559443] [exploration_coordinator]: Checking GBSAE prior vertex 19 loop revisit at (-3.05, -1.55).
[exploration_coordinator-13] [INFO] [1782464486.838702248] [exploration_coordinator]: Navigating directly to GBSAE prior vertex 19 loop revisit: goal=(-3.05, -1.55), cost=1.46.
[bt_navigator-9] [INFO] [1782464486.839316520] [bt_navigator]: Begin navigating from current location (-1.96, -2.49) to (-3.05, -1.55)
[controller_server-5] [INFO] [1782464486.859662077] [controller_server]: Received a goal, begin computing control effort.
[controller_server-5] [INFO] [1782464487.909833986] [controller_server]: Passing new path to controller.
[controller_server-5] [INFO] [1782464488.959831250] [controller_server]: Passing new path to controller.
[controller_server-5] [INFO] [1782464489.261326857] [controller_server]: Reached the goal!
[bt_navigator-9] [INFO] [1782464489.299740141] [bt_navigator]: Goal succeeded
[exploration_coordinator-13] [INFO] [1782464489.299752576] [exploration_coordinator]: Nav2 reached GBSAE prior vertex 19 during loop revisit.
[exploration_coordinator-13] [INFO] [1782464489.314487364] [exploration_coordinator]: Checking GBSAE prior vertex 20 at (-1.35, -1.55).
[exploration_coordinator-13] [INFO] [1782464489.321745021] [exploration_coordinator]: Navigating directly to GBSAE prior vertex 20: goal=(-1.35, -1.55), cost=1.58.
[bt_navigator-9] [INFO] [1782464489.322294021] [bt_navigator]: Begin navigating from current location (-2.89, -1.68) to (-1.35, -1.55)
[controller_server-5] [INFO] [1782464489.342662028] [controller_server]: Received a goal, begin computing control effort.
[controller_server-5] [INFO] [1782464490.392837045] [controller_server]: Passing new path to controller.
[controller_server-5] [INFO] [1782464490.493991496] [controller_server]: Reached the goal!
[bt_navigator-9] [INFO] [1782464490.532708651] [bt_navigator]: Goal succeeded
[exploration_coordinator-13] [INFO] [1782464490.532734672] [exploration_coordinator]: Nav2 reached GBSAE prior vertex 20.
[exploration_coordinator-13] [INFO] [1782464490.557931948] [exploration_coordinator]: Checking GBSAE prior vertex 11 loop revisit at (-1.80, -2.60).
[exploration_coordinator-13] [INFO] [1782464490.564823038] [exploration_coordinator]: Navigating directly to GBSAE prior vertex 11 loop revisit: goal=(-1.80, -2.60), cost=1.05.
[bt_navigator-9] [INFO] [1782464490.565392833] [bt_navigator]: Begin navigating from current location (-1.53, -1.62) to (-1.80, -2.60)
[controller_server-5] [INFO] [1782464490.585718162] [controller_server]: Received a goal, begin computing control effort.
[controller_server-5] [INFO] [1782464491.635886968] [controller_server]: Passing new path to controller.
[controller_server-5] [INFO] [1782464492.337379675] [controller_server]: Reached the goal!
[bt_navigator-9] [INFO] [1782464492.375660329] [bt_navigator]: Goal succeeded
[exploration_coordinator-13] [INFO] [1782464492.377097001] [exploration_coordinator]: Nav2 reached GBSAE prior vertex 11 during loop revisit.
[exploration_coordinator-13] [INFO] [1782464492.401843316] [exploration_coordinator]: Checking GBSAE prior vertex 20 loop revisit at (-1.35, -1.55).
[exploration_coordinator-13] [INFO] [1782464492.410581893] [exploration_coordinator]: Navigating directly to GBSAE prior vertex 20 loop revisit: goal=(-1.35, -1.55), cost=1.00.
[bt_navigator-9] [INFO] [1782464492.410959213] [bt_navigator]: Begin navigating from current location (-1.77, -2.44) to (-1.35, -1.55)
[controller_server-5] [INFO] [1782464492.431283565] [controller_server]: Received a goal, begin computing control effort.
[controller_server-5] [INFO] [1782464493.481442412] [controller_server]: Passing new path to controller.
[controller_server-5] [INFO] [1782464493.932934922] [controller_server]: Reached the goal!
[bt_navigator-9] [INFO] [1782464493.971269638] [bt_navigator]: Goal succeeded
[exploration_coordinator-13] [INFO] [1782464493.971758060] [exploration_coordinator]: Nav2 reached GBSAE prior vertex 20 during loop revisit.
[exploration_coordinator-13] [INFO] [1782464494.034015566] [exploration_coordinator]: Checking GBSAE prior vertex 23 at (-3.05, 0.15).
[exploration_coordinator-13] [INFO] [1782464494.042020738] [exploration_coordinator]: Navigating directly to GBSAE prior vertex 23: goal=(-3.05, 0.15), cost=2.49.
[bt_navigator-9] [INFO] [1782464494.042397866] [bt_navigator]: Begin navigating from current location (-1.41, -1.70) to (-3.05, 0.15)
[controller_server-5] [INFO] [1782464494.062738961] [controller_server]: Received a goal, begin computing control effort.
[planner_server-7] [INFO] [1782464494.164432432] [global_costmap.global_costmap]: StaticLayer: Resizing static layer to 213 X 161 at 0.050000 m/pix
[controller_server-5] [INFO] [1782464495.112896869] [controller_server]: Passing new path to controller.
[controller_server-5] [INFO] [1782464496.162908557] [controller_server]: Passing new path to controller.
[controller_server-5] [INFO] [1782464497.162908916] [controller_server]: Passing new path to controller.
[controller_server-5] [ERROR] [1782464498.112938444] [controller_server]: Failed to make progress
[controller_server-5] [WARN] [1782464498.112980514] [controller_server]: [follow_path] [ActionServer] Aborting handle.
[controller_server-5] [INFO] [1782464498.132562678] [local_costmap.local_costmap]: Received request to clear entirely the local_costmap
[controller_server-5] [INFO] [1782464498.132861196] [controller_server]: Received a goal, begin computing control effort.
[controller_server-5] [INFO] [1782464498.183013870] [controller_server]: Passing new path to controller.
[controller_server-5] [WARN] [1782464498.185055713] [controller_server]: Control loop missed its desired rate of 20.0000Hz
[controller_server-5] [INFO] [1782464498.935409262] [controller_server]: Reached the goal!
[bt_navigator-9] [INFO] [1782464498.972815654] [bt_navigator]: Goal succeeded
[exploration_coordinator-13] [INFO] [1782464498.972853769] [exploration_coordinator]: Nav2 reached GBSAE prior vertex 23.
[exploration_coordinator-13] [INFO] [1782464498.977375883] [exploration_coordinator]: Checking GBSAE prior vertex 26 at (-4.75, 1.85).
[exploration_coordinator-13] [INFO] [1782464498.985351453] [exploration_coordinator]: Navigating directly to GBSAE prior vertex 26: goal=(-4.75, 1.85), cost=2.65.
[bt_navigator-9] [INFO] [1782464498.985709976] [bt_navigator]: Begin navigating from current location (-2.85, 0.04) to (-4.75, 1.85)
[controller_server-5] [INFO] [1782464499.006037975] [controller_server]: Received a goal, begin computing control effort.
[controller_server-5] [INFO] [1782464500.056164996] [controller_server]: Passing new path to controller.
[sync_slam_toolbox_node-4] W0626 17:01:40.830852 2252125 preprocessor.cc:62] Specified options.num_threads: 50 exceeds maximum available from the threading model Ceres was compiled with: 32.  Bounding to maximum number available.
[controller_server-5] [INFO] [1782464501.106166228] [controller_server]: Passing new path to controller.
[controller_server-5] [INFO] [1782464502.106164893] [controller_server]: Passing new path to controller.
[controller_server-5] [INFO] [1782464502.207668023] [controller_server]: Reached the goal!
[bt_navigator-9] [INFO] [1782464502.245968963] [bt_navigator]: Goal succeeded
[exploration_coordinator-13] [INFO] [1782464502.246188741] [exploration_coordinator]: Nav2 reached GBSAE prior vertex 26.
[exploration_coordinator-13] [INFO] [1782464502.267472690] [exploration_coordinator]: Checking GBSAE prior vertex 22 loop revisit at (-4.75, 0.15).
[exploration_coordinator-13] [INFO] [1782464502.282725080] [exploration_coordinator]: Navigating directly to GBSAE prior vertex 22 loop revisit: goal=(-4.75, 0.15), cost=1.57.
[bt_navigator-9] [INFO] [1782464502.283471742] [bt_navigator]: Begin navigating from current location (-4.63, 1.69) to (-4.75, 0.15)
[controller_server-5] [INFO] [1782464502.303803247] [controller_server]: Received a goal, begin computing control effort.
[controller_server-5] [INFO] [1782464503.353981547] [controller_server]: Passing new path to controller.
[planner_server-7] [INFO] [1782464504.181024312] [global_costmap.global_costmap]: StaticLayer: Resizing static layer to 213 X 161 at 0.050000 m/pix
[controller_server-5] [INFO] [1782464504.403981321] [controller_server]: Passing new path to controller.
[controller_server-5] [INFO] [1782464504.505464836] [controller_server]: Reached the goal!
[bt_navigator-9] [INFO] [1782464504.543738470] [bt_navigator]: Goal succeeded
[exploration_coordinator-13] [INFO] [1782464504.543910857] [exploration_coordinator]: Nav2 reached GBSAE prior vertex 22 during loop revisit.
[exploration_coordinator-13] [INFO] [1782464504.553163649] [exploration_coordinator]: Checking GBSAE prior vertex 26 loop revisit at (-4.75, 1.85).
[exploration_coordinator-13] [INFO] [1782464504.560545788] [exploration_coordinator]: Navigating directly to GBSAE prior vertex 26 loop revisit: goal=(-4.75, 1.85), cost=1.50.
[bt_navigator-9] [INFO] [1782464504.561087918] [bt_navigator]: Begin navigating from current location (-4.73, 0.35) to (-4.75, 1.85)
[controller_server-5] [INFO] [1782464504.581388206] [controller_server]: Received a goal, begin computing control effort.
[controller_server-5] [INFO] [1782464505.631574847] [controller_server]: Passing new path to controller.
[controller_server-5] [INFO] [1782464506.681575810] [controller_server]: Passing new path to controller.
[controller_server-5] [INFO] [1782464506.683136336] [controller_server]: Reached the goal!
[bt_navigator-9] [INFO] [1782464506.731530921] [bt_navigator]: Goal succeeded
[exploration_coordinator-13] [INFO] [1782464506.731770793] [exploration_coordinator]: Nav2 reached GBSAE prior vertex 26 during loop revisit.
[exploration_coordinator-13] [INFO] [1782464506.758633612] [exploration_coordinator]: Checking GBSAE prior vertex 2 at (-4.30, 2.60).
[exploration_coordinator-13] [INFO] [1782464506.765549760] [exploration_coordinator]: Navigating directly to GBSAE prior vertex 2: goal=(-4.30, 2.60), cost=1.05.
[bt_navigator-9] [INFO] [1782464506.766141052] [bt_navigator]: Begin navigating from current location (-4.72, 1.67) to (-4.30, 2.60)
[controller_server-5] [INFO] [1782464506.786468025] [controller_server]: Received a goal, begin computing control effort.
[controller_server-5] [INFO] [1782464507.836631859] [controller_server]: Passing new path to controller.
[controller_server-5] [INFO] [1782464508.188124900] [controller_server]: Reached the goal!
[bt_navigator-9] [INFO] [1782464508.226435806] [bt_navigator]: Goal succeeded
[exploration_coordinator-13] [INFO] [1782464508.226611649] [exploration_coordinator]: Nav2 reached GBSAE prior vertex 2.
[exploration_coordinator-13] [INFO] [1782464508.243864145] [exploration_coordinator]: Checking GBSAE prior vertex 26 at (-4.75, 1.85).
[exploration_coordinator-13] [INFO] [1782464508.251079682] [exploration_coordinator]: Navigating directly to GBSAE prior vertex 26: goal=(-4.75, 1.85), cost=0.73.
[bt_navigator-9] [INFO] [1782464508.251739136] [bt_navigator]: Begin navigating from current location (-4.37, 2.43) to (-4.75, 1.85)
[controller_server-5] [INFO] [1782464508.272076733] [controller_server]: Received a goal, begin computing control effort.
[controller_server-5] [INFO] [1782464509.322250892] [controller_server]: Passing new path to controller.
[controller_server-5] [INFO] [1782464510.223741426] [controller_server]: Reached the goal!
[bt_navigator-9] [INFO] [1782464510.262192702] [bt_navigator]: Goal succeeded
[exploration_coordinator-13] [INFO] [1782464510.262444822] [exploration_coordinator]: Nav2 reached GBSAE prior vertex 26.
[exploration_coordinator-13] [INFO] [1782464510.289678295] [exploration_coordinator]: Checking GBSAE prior vertex 1 loop revisit at (-4.30, 0.00).
[exploration_coordinator-13] [INFO] [1782464510.305261660] [exploration_coordinator]: Navigating directly to GBSAE prior vertex 1 loop revisit: goal=(-4.30, 0.00), cost=1.94.
[bt_navigator-9] [INFO] [1782464510.305945835] [bt_navigator]: Begin navigating from current location (-4.56, 1.92) to (-4.30, 0.00)
[planner_server-7] [WARN] [1782464510.306723701] [planner_server]: Planner loop missed its desired rate of 20.0000 Hz. Current loop rate is 10.0000 Hz
[controller_server-5] [INFO] [1782464510.326252507] [controller_server]: Received a goal, begin computing control effort.
[controller_server-5] [INFO] [1782464511.376433920] [controller_server]: Passing new path to controller.
[controller_server-5] [INFO] [1782464512.426429297] [controller_server]: Passing new path to controller.
[controller_server-5] [INFO] [1782464512.627905640] [controller_server]: Reached the goal!
[bt_navigator-9] [INFO] [1782464512.666192224] [bt_navigator]: Goal succeeded
[exploration_coordinator-13] [INFO] [1782464512.666385796] [exploration_coordinator]: Nav2 reached GBSAE prior vertex 1 during loop revisit.
[exploration_coordinator-13] [INFO] [1782464512.692531575] [exploration_coordinator]: Checking GBSAE prior vertex 26 loop revisit at (-4.75, 1.85).
[exploration_coordinator-13] [INFO] [1782464512.699952991] [exploration_coordinator]: Navigating directly to GBSAE prior vertex 26 loop revisit: goal=(-4.75, 1.85), cost=1.76.
[bt_navigator-9] [INFO] [1782464512.700544753] [bt_navigator]: Begin navigating from current location (-4.36, 0.16) to (-4.75, 1.85)
[controller_server-5] [INFO] [1782464512.730871166] [controller_server]: Received a goal, begin computing control effort.
[controller_server-5] [INFO] [1782464513.781057270] [controller_server]: Passing new path to controller.
[controller_server-5] [INFO] [1782464514.831051922] [controller_server]: Passing new path to controller.
[controller_server-5] [INFO] [1782464515.132543257] [controller_server]: Reached the goal!
[bt_navigator-9] [INFO] [1782464515.170968158] [bt_navigator]: Goal succeeded
[exploration_coordinator-13] [INFO] [1782464515.170989109] [exploration_coordinator]: Nav2 reached GBSAE prior vertex 26 during loop revisit.
[exploration_coordinator-13] [INFO] [1782464515.180884720] [exploration_coordinator]: Checking GBSAE prior vertex 23 at (-3.05, 0.15).
[exploration_coordinator-13] [INFO] [1782464515.196504352] [exploration_coordinator]: Navigating directly to GBSAE prior vertex 23: goal=(-3.05, 0.15), cost=2.26.
[bt_navigator-9] [INFO] [1782464515.197140323] [bt_navigator]: Begin navigating from current location (-4.67, 1.69) to (-3.05, 0.15)
[controller_server-5] [INFO] [1782464515.217479177] [controller_server]: Received a goal, begin computing control effort.
[controller_server-5] [INFO] [1782464516.267643782] [controller_server]: Passing new path to controller.
[controller_server-5] [INFO] [1782464517.317644316] [controller_server]: Passing new path to controller.
[controller_server-5] [INFO] [1782464517.419137743] [controller_server]: Reached the goal!
[bt_navigator-9] [INFO] [1782464517.457414973] [bt_navigator]: Goal succeeded
[exploration_coordinator-13] [INFO] [1782464517.457659872] [exploration_coordinator]: Nav2 reached GBSAE prior vertex 23.
[exploration_coordinator-13] [INFO] [1782464517.465856582] [exploration_coordinator]: Checking GBSAE prior vertex 24 at (-1.35, 0.15).
[exploration_coordinator-13] [INFO] [1782464517.473564972] [exploration_coordinator]: Navigating directly to GBSAE prior vertex 24: goal=(-1.35, 0.15), cost=2.03.
[bt_navigator-9] [INFO] [1782464517.474171465] [bt_navigator]: Begin navigating from current location (-3.15, 0.25) to (-1.35, 0.15)
[controller_server-5] [INFO] [1782464517.494514794] [controller_server]: Received a goal, begin computing control effort.
[controller_server-5] [INFO] [1782464518.544681741] [controller_server]: Passing new path to controller.
[controller_server-5] [INFO] [1782464519.296210109] [controller_server]: Reached the goal!
[bt_navigator-9] [INFO] [1782464519.334435769] [bt_navigator]: Goal succeeded
[exploration_coordinator-13] [INFO] [1782464519.334632294] [exploration_coordinator]: Nav2 reached GBSAE prior vertex 24.
[exploration_coordinator-13] [INFO] [1782464519.351579359] [exploration_coordinator]: Checking GBSAE prior vertex 20 loop revisit at (-1.35, -1.55).
[exploration_coordinator-13] [INFO] [1782464519.359040585] [exploration_coordinator]: Navigating directly to GBSAE prior vertex 20 loop revisit: goal=(-1.35, -1.55), cost=1.62.
[bt_navigator-9] [INFO] [1782464519.359670120] [bt_navigator]: Begin navigating from current location (-1.47, 0.07) to (-1.35, -1.55)
[controller_server-5] [INFO] [1782464519.379942584] [controller_server]: Received a goal, begin computing control effort.
[controller_server-5] [INFO] [1782464520.430118713] [controller_server]: Passing new path to controller.
[controller_server-5] [INFO] [1782464521.480119110] [controller_server]: Passing new path to controller.
[controller_server-5] [INFO] [1782464521.531605910] [controller_server]: Reached the goal!
[bt_navigator-9] [INFO] [1782464521.569935142] [bt_navigator]: Goal succeeded
[exploration_coordinator-13] [INFO] [1782464521.570535975] [exploration_coordinator]: Nav2 reached GBSAE prior vertex 20 during loop revisit.
[exploration_coordinator-13] [INFO] [1782464521.597826177] [exploration_coordinator]: Checking GBSAE prior vertex 24 loop revisit at (-1.35, 0.15).
[exploration_coordinator-13] [INFO] [1782464521.606565649] [exploration_coordinator]: Navigating directly to GBSAE prior vertex 24 loop revisit: goal=(-1.35, 0.15), cost=1.57.
[bt_navigator-9] [INFO] [1782464521.607121856] [bt_navigator]: Begin navigating from current location (-1.38, -1.40) to (-1.35, 0.15)
[controller_server-5] [INFO] [1782464521.627412057] [controller_server]: Received a goal, begin computing control effort.
[controller_server-5] [INFO] [1782464522.677604503] [controller_server]: Passing new path to controller.
[controller_server-5] [INFO] [1782464523.727608326] [controller_server]: Passing new path to controller.
[controller_server-5] [INFO] [1782464523.780047518] [controller_server]: Reached the goal!
[bt_navigator-9] [INFO] [1782464523.817396243] [bt_navigator]: Goal succeeded
[exploration_coordinator-13] [INFO] [1782464523.817773246] [exploration_coordinator]: Nav2 reached GBSAE prior vertex 24 during loop revisit.
[exploration_coordinator-13] [INFO] [1782464523.839536104] [exploration_coordinator]: Checking GBSAE prior vertex 29 at (0.35, 1.85).
[exploration_coordinator-13] [INFO] [1782464523.847438626] [exploration_coordinator]: Navigating directly to GBSAE prior vertex 29: goal=(0.35, 1.85), cost=2.55.
[bt_navigator-9] [INFO] [1782464523.848032861] [bt_navigator]: Begin navigating from current location (-1.37, -0.03) to (0.35, 1.85)
[controller_server-5] [INFO] [1782464523.868397846] [controller_server]: Received a goal, begin computing control effort.
[planner_server-7] [INFO] [1782464524.208514725] [global_costmap.global_costmap]: StaticLayer: Resizing static layer to 213 X 161 at 0.050000 m/pix
[controller_server-5] [INFO] [1782464524.918573870] [controller_server]: Passing new path to controller.
[sync_slam_toolbox_node-4] W0626 17:02:05.612174 2252125 preprocessor.cc:62] Specified options.num_threads: 50 exceeds maximum available from the threading model Ceres was compiled with: 32.  Bounding to maximum number available.
[controller_server-5] [INFO] [1782464525.968573104] [controller_server]: Passing new path to controller.
[controller_server-5] [INFO] [1782464526.370094290] [controller_server]: Reached the goal!
[bt_navigator-9] [INFO] [1782464526.408306960] [bt_navigator]: Goal succeeded
[exploration_coordinator-13] [INFO] [1782464526.411431929] [exploration_coordinator]: Nav2 reached GBSAE prior vertex 29.
[exploration_coordinator-13] [INFO] [1782464526.449998951] [exploration_coordinator]: Checking GBSAE prior vertex 28 loop revisit at (-1.35, 1.85).
[exploration_coordinator-13] [INFO] [1782464526.457455193] [exploration_coordinator]: Navigating directly to GBSAE prior vertex 28 loop revisit: goal=(-1.35, 1.85), cost=1.58.
[bt_navigator-9] [INFO] [1782464526.458034161] [bt_navigator]: Begin navigating from current location (0.22, 1.70) to (-1.35, 1.85)
[controller_server-5] [INFO] [1782464526.478359462] [controller_server]: Received a goal, begin computing control effort.
[controller_server-5] [INFO] [1782464527.528525446] [controller_server]: Passing new path to controller.
[controller_server-5] [INFO] [1782464528.578527123] [controller_server]: Passing new path to controller.
[controller_server-5] [INFO] [1782464529.179995891] [controller_server]: Reached the goal!
[exploration_coordinator-13] [INFO] [1782464529.218513229] [exploration_coordinator]: Nav2 reached GBSAE prior vertex 28 during loop revisit.
[bt_navigator-9] [INFO] [1782464529.218514530] [bt_navigator]: Goal succeeded
[exploration_coordinator-13] [INFO] [1782464529.256168689] [exploration_coordinator]: Checking GBSAE prior vertex 29 loop revisit at (0.35, 1.85).
[exploration_coordinator-13] [INFO] [1782464529.263652265] [exploration_coordinator]: Navigating directly to GBSAE prior vertex 29 loop revisit: goal=(0.35, 1.85), cost=1.57.
[bt_navigator-9] [INFO] [1782464529.264048073] [bt_navigator]: Begin navigating from current location (-1.18, 1.79) to (0.35, 1.85)
[controller_server-5] [INFO] [1782464529.284382090] [controller_server]: Received a goal, begin computing control effort.
[controller_server-5] [INFO] [1782464530.334562766] [controller_server]: Passing new path to controller.
[controller_server-5] [INFO] [1782464530.435662099] [controller_server]: Reached the goal!
[bt_navigator-9] [INFO] [1782464530.474301876] [bt_navigator]: Goal succeeded
[exploration_coordinator-13] [INFO] [1782464530.474483831] [exploration_coordinator]: Nav2 reached GBSAE prior vertex 29 during loop revisit.
[exploration_coordinator-13] [INFO] [1782464530.528501021] [exploration_coordinator]: GBSAE prior vertex 30 has 7 allocated safe frontier candidates, local_filter_ms=29.5.
[exploration_coordinator-13] [INFO] [1782464530.528651187] [exploration_coordinator]: Checking GBSAE allocated frontier source=unknown, information_gain=0.19m^2.
[exploration_coordinator-13] [INFO] [1782464530.536781106] [exploration_coordinator]: Navigating to frontier goal=(-1.69, 0.51), size=12, cost=2.25, source=unknown, information_gain=0.19m^2
[bt_navigator-9] [INFO] [1782464530.537162634] [bt_navigator]: Begin navigating from current location (0.18, 1.80) to (-1.69, 0.51)
[controller_server-5] [INFO] [1782464530.557488269] [controller_server]: Received a goal, begin computing control effort.
[sync_slam_toolbox_node-4] W0626 17:02:11.113451 2252125 preprocessor.cc:62] Specified options.num_threads: 50 exceeds maximum available from the threading model Ceres was compiled with: 32.  Bounding to maximum number available.
[controller_server-5] [INFO] [1782464531.607669714] [controller_server]: Passing new path to controller.
[controller_server-5] [INFO] [1782464532.657669935] [controller_server]: Passing new path to controller.
[controller_server-5] [INFO] [1782464533.657671069] [controller_server]: Passing new path to controller.
[controller_server-5] [INFO] [1782464533.709171134] [controller_server]: Reached the goal!
[bt_navigator-9] [INFO] [1782464533.747594296] [bt_navigator]: Goal succeeded
[exploration_coordinator-13] [INFO] [1782464533.750567587] [exploration_coordinator]: Nav2 reached the active frontier goal.
[exploration_coordinator-13] [WARN] [1782464533.750807461] [exploration_coordinator]: Cannot estimate frontier probe direction; retrying.
[exploration_coordinator-13] [INFO] [1782464533.821437617] [exploration_coordinator]: GBSAE prior vertex 30 has 7 allocated safe frontier candidates, local_filter_ms=31.3.
[exploration_coordinator-13] [INFO] [1782464533.821590819] [exploration_coordinator]: Checking GBSAE allocated frontier source=unknown, information_gain=0.12m^2.
[exploration_coordinator-13] [INFO] [1782464533.829148839] [exploration_coordinator]: Navigating to frontier goal=(-0.64, 1.11), size=12, cost=1.04, source=unknown, information_gain=0.12m^2
[bt_navigator-9] [INFO] [1782464533.829728213] [bt_navigator]: Begin navigating from current location (-1.53, 0.64) to (-0.64, 1.11)
[controller_server-5] [INFO] [1782464533.850054339] [controller_server]: Received a goal, begin computing control effort.
[planner_server-7] [INFO] [1782464534.222101536] [global_costmap.global_costmap]: StaticLayer: Resizing static layer to 213 X 161 at 0.050000 m/pix
[controller_server-5] [INFO] [1782464534.900224774] [controller_server]: Passing new path to controller.
[controller_server-5] [INFO] [1782464535.551739491] [controller_server]: Reached the goal!
[bt_navigator-9] [INFO] [1782464535.590019877] [bt_navigator]: Goal succeeded
[exploration_coordinator-13] [INFO] [1782464535.590294823] [exploration_coordinator]: Nav2 reached the active frontier goal.
[exploration_coordinator-13] [WARN] [1782464535.590639519] [exploration_coordinator]: Cannot estimate frontier probe direction; retrying.
[exploration_coordinator-13] [INFO] [1782464535.622336021] [exploration_coordinator]: GBSAE prior vertex 30 has 5 allocated safe frontier candidates, local_filter_ms=27.7.
[exploration_coordinator-13] [INFO] [1782464535.622571868] [exploration_coordinator]: Checking GBSAE allocated frontier source=unknown, information_gain=0.24m^2.
[exploration_coordinator-13] [INFO] [1782464535.630952797] [exploration_coordinator]: Navigating to frontier goal=(-2.33, 0.24), size=21, cost=1.73, source=unknown, information_gain=0.24m^2
[bt_navigator-9] [INFO] [1782464535.631368639] [bt_navigator]: Begin navigating from current location (-0.79, 1.00) to (-2.33, 0.24)
[controller_server-5] [INFO] [1782464535.651708920] [controller_server]: Received a goal, begin computing control effort.
[controller_server-5] [INFO] [1782464536.701879942] [controller_server]: Passing new path to controller.
[controller_server-5] [INFO] [1782464537.751879941] [controller_server]: Passing new path to controller.
[controller_server-5] [INFO] [1782464537.853375933] [controller_server]: Reached the goal!
[bt_navigator-9] [INFO] [1782464537.891806143] [bt_navigator]: Goal succeeded
[exploration_coordinator-13] [INFO] [1782464537.891823700] [exploration_coordinator]: Nav2 reached the active frontier goal.
[exploration_coordinator-13] [INFO] [1782464537.892044119] [exploration_coordinator]: Aligning with unknown frontier normal using Nav2 Spin: delta=-0.54 rad.
[behavior_server-8] [INFO] [1782464537.892413098] [behavior_server]: Running spin
[behavior_server-8] [INFO] [1782464537.892471134] [behavior_server]: Turning -0.54 for spin behavior.
[behavior_server-8] [INFO] [1782464538.192691554] [behavior_server]: spin completed successfully
[exploration_coordinator-13] [INFO] [1782464538.193708426] [exploration_coordinator]: Probing beyond unknown frontier with Nav2 DriveOnHeading: distance=0.45m, speed=0.20m/s.
[behavior_server-8] [INFO] [1782464538.194120949] [behavior_server]: Running drive_on_heading
[behavior_server-8] [INFO] [1782464538.694382780] [behavior_server]: drive_on_heading completed successfully
[exploration_coordinator-13] [INFO] [1782464538.694832935] [exploration_coordinator]: Frontier Nav2 probe completed.
[exploration_coordinator-13] [INFO] [1782464538.749838736] [exploration_coordinator]: GBSAE prior vertex 30 has 5 allocated safe frontier candidates, local_filter_ms=26.9.
[exploration_coordinator-13] [INFO] [1782464538.749988502] [exploration_coordinator]: Checking GBSAE allocated frontier source=unknown, information_gain=0.18m^2.
[exploration_coordinator-13] [INFO] [1782464538.757780903] [exploration_coordinator]: Navigating to frontier goal=(-1.28, 1.19), size=14, cost=1.45, source=unknown, information_gain=0.18m^2
[bt_navigator-9] [INFO] [1782464538.758425394] [bt_navigator]: Begin navigating from current location (-1.92, -0.06) to (-1.28, 1.19)
[controller_server-5] [INFO] [1782464538.778755360] [controller_server]: Received a goal, begin computing control effort.
[controller_server-5] [INFO] [1782464539.828929435] [controller_server]: Passing new path to controller.
[controller_server-5] [INFO] [1782464540.878929837] [controller_server]: Passing new path to controller.
[controller_server-5] [INFO] [1782464541.180429372] [controller_server]: Reached the goal!
[bt_navigator-9] [INFO] [1782464541.218690817] [bt_navigator]: Goal succeeded
[exploration_coordinator-13] [INFO] [1782464541.218906628] [exploration_coordinator]: Nav2 reached the active frontier goal.
[exploration_coordinator-13] [WARN] [1782464541.219186314] [exploration_coordinator]: Cannot estimate frontier probe direction; retrying.
[exploration_coordinator-13] [INFO] [1782464541.274854246] [exploration_coordinator]: GBSAE prior vertex 30 has 6 allocated safe frontier candidates, local_filter_ms=27.8.
[exploration_coordinator-13] [INFO] [1782464541.275006315] [exploration_coordinator]: Checking GBSAE allocated frontier source=unknown, information_gain=0.20m^2.
[exploration_coordinator-13] [INFO] [1782464541.282580250] [exploration_coordinator]: Navigating to frontier goal=(-1.38, -0.01), size=17, cost=1.07, source=unknown, information_gain=0.20m^2
[bt_navigator-9] [INFO] [1782464541.282953477] [bt_navigator]: Begin navigating from current location (-1.38, 1.05) to (-1.38, -0.01)
[controller_server-5] [INFO] [1782464541.303297161] [controller_server]: Received a goal, begin computing control effort.
[controller_server-5] [INFO] [1782464542.353470289] [controller_server]: Passing new path to controller.
[controller_server-5] [INFO] [1782464543.004998576] [controller_server]: Reached the goal!
[bt_navigator-9] [INFO] [1782464543.043235493] [bt_navigator]: Goal succeeded
[exploration_coordinator-13] [INFO] [1782464543.043426102] [exploration_coordinator]: Nav2 reached the active frontier goal.
[exploration_coordinator-13] [WARN] [1782464543.043676238] [exploration_coordinator]: Cannot estimate frontier probe direction; retrying.
[exploration_coordinator-13] [INFO] [1782464543.079221787] [exploration_coordinator]: GBSAE prior vertex 30 has 6 allocated safe frontier candidates, local_filter_ms=27.1.
[exploration_coordinator-13] [INFO] [1782464543.079373949] [exploration_coordinator]: Checking GBSAE allocated frontier source=unknown, information_gain=0.19m^2.
[exploration_coordinator-13] [INFO] [1782464543.086829097] [exploration_coordinator]: Navigating to frontier goal=(-1.93, 1.24), size=14, cost=1.18, source=unknown, information_gain=0.19m^2
[bt_navigator-9] [INFO] [1782464543.087430542] [bt_navigator]: Begin navigating from current location (-1.40, 0.18) to (-1.93, 1.24)
[controller_server-5] [INFO] [1782464543.107752362] [controller_server]: Received a goal, begin computing control effort.
[controller_server-5] [INFO] [1782464544.157922811] [controller_server]: Passing new path to controller.
[controller_server-5] [INFO] [1782464545.010290961] [controller_server]: Reached the goal!
[bt_navigator-9] [INFO] [1782464545.047689701] [bt_navigator]: Goal succeeded
[exploration_coordinator-13] [INFO] [1782464545.048106243] [exploration_coordinator]: Nav2 reached the active frontier goal.
[exploration_coordinator-13] [WARN] [1782464545.048581512] [exploration_coordinator]: Cannot estimate frontier probe direction; retrying.
[exploration_coordinator-13] [INFO] [1782464545.081655097] [exploration_coordinator]: GBSAE prior vertex 30 has 4 allocated safe frontier candidates, local_filter_ms=23.9.
[exploration_coordinator-13] [INFO] [1782464545.081815655] [exploration_coordinator]: Checking GBSAE allocated frontier source=unknown, information_gain=0.14m^2.
[exploration_coordinator-13] [INFO] [1782464545.089787354] [exploration_coordinator]: Navigating to frontier goal=(-1.98, -0.46), size=27, cost=1.61, source=unknown, information_gain=0.14m^2
[bt_navigator-9] [INFO] [1782464545.090417048] [bt_navigator]: Begin navigating from current location (-1.81, 1.07) to (-1.98, -0.46)
[controller_server-5] [INFO] [1782464545.110761205] [controller_server]: Received a goal, begin computing control effort.
[controller_server-5] [INFO] [1782464546.160933679] [controller_server]: Passing new path to controller.
[controller_server-5] [INFO] [1782464547.210933138] [controller_server]: Passing new path to controller.
[controller_server-5] [INFO] [1782464547.312450453] [controller_server]: Reached the goal!
[bt_navigator-9] [INFO] [1782464547.350868450] [bt_navigator]: Goal succeeded
[exploration_coordinator-13] [INFO] [1782464547.351128557] [exploration_coordinator]: Nav2 reached the active frontier goal.
[exploration_coordinator-13] [INFO] [1782464547.351557887] [exploration_coordinator]: Aligning with unknown frontier normal using Nav2 Spin: delta=0.40 rad.
[behavior_server-8] [INFO] [1782464547.351992612] [behavior_server]: Running spin
[behavior_server-8] [INFO] [1782464547.352046451] [behavior_server]: Turning 0.40 for spin behavior.
[behavior_server-8] [INFO] [1782464547.652280669] [behavior_server]: spin completed successfully
[exploration_coordinator-13] [INFO] [1782464547.652795875] [exploration_coordinator]: Probing beyond unknown frontier with Nav2 DriveOnHeading: distance=0.45m, speed=0.20m/s.
[behavior_server-8] [INFO] [1782464547.653061968] [behavior_server]: Running drive_on_heading
[behavior_server-8] [INFO] [1782464548.153268961] [behavior_server]: drive_on_heading completed successfully
[exploration_coordinator-13] [INFO] [1782464548.153850335] [exploration_coordinator]: Frontier Nav2 probe completed.
[exploration_coordinator-13] [INFO] [1782464548.203807349] [exploration_coordinator]: GBSAE prior vertex 30 has 3 allocated safe frontier candidates, local_filter_ms=18.6.
[exploration_coordinator-13] [INFO] [1782464548.203956279] [exploration_coordinator]: Checking GBSAE allocated frontier source=unknown, information_gain=0.20m^2.
[exploration_coordinator-13] [INFO] [1782464548.211578140] [exploration_coordinator]: Navigating to frontier goal=(-1.53, -0.61), size=29, cost=1.10, source=unknown, information_gain=0.20m^2
[bt_navigator-9] [INFO] [1782464548.211951123] [bt_navigator]: Begin navigating from current location (-2.50, -0.11) to (-1.53, -0.61)
[controller_server-5] [INFO] [1782464548.232308029] [controller_server]: Received a goal, begin computing control effort.
[controller_server-5] [INFO] [1782464549.282480175] [controller_server]: Passing new path to controller.
[controller_server-5] [INFO] [1782464550.332477447] [controller_server]: Passing new path to controller.
[controller_server-5] [INFO] [1782464550.633989727] [controller_server]: Reached the goal!
[bt_navigator-9] [INFO] [1782464550.672229060] [bt_navigator]: Goal succeeded
[exploration_coordinator-13] [INFO] [1782464550.676022910] [exploration_coordinator]: Nav2 reached the active frontier goal.
[exploration_coordinator-13] [INFO] [1782464550.676436856] [exploration_coordinator]: Aligning with unknown frontier normal using Nav2 Spin: delta=0.40 rad.
[behavior_server-8] [INFO] [1782464550.676851099] [behavior_server]: Running spin
[behavior_server-8] [INFO] [1782464550.676904653] [behavior_server]: Turning 0.40 for spin behavior.
[behavior_server-8] [INFO] [1782464550.877147533] [behavior_server]: spin completed successfully
[exploration_coordinator-13] [INFO] [1782464550.878269128] [exploration_coordinator]: Probing beyond unknown frontier with Nav2 DriveOnHeading: distance=0.45m, speed=0.20m/s.
[behavior_server-8] [INFO] [1782464550.878712371] [behavior_server]: Running drive_on_heading
[behavior_server-8] [INFO] [1782464551.378918507] [behavior_server]: drive_on_heading completed successfully
[exploration_coordinator-13] [INFO] [1782464551.379456550] [exploration_coordinator]: Frontier Nav2 probe completed.
[exploration_coordinator-13] [INFO] [1782464551.412107440] [exploration_coordinator]: GBSAE prior vertex 30 has 3 allocated safe frontier candidates, local_filter_ms=18.0.
[exploration_coordinator-13] [INFO] [1782464551.412261691] [exploration_coordinator]: Checking GBSAE allocated frontier source=unknown, information_gain=0.21m^2.
[planner_server-7] [WARN] [1782464551.413107581] [planner_server]: Planner loop missed its desired rate of 20.0000 Hz. Current loop rate is 10.0000 Hz
[exploration_coordinator-13] [INFO] [1782464551.419347174] [exploration_coordinator]: Navigating to frontier goal=(-2.88, -0.11), size=29, cost=0.85, source=unknown, information_gain=0.21m^2
[bt_navigator-9] [INFO] [1782464551.419787730] [bt_navigator]: Begin navigating from current location (-2.16, -0.48) to (-2.88, -0.11)
[controller_server-5] [INFO] [1782464551.440145785] [controller_server]: Received a goal, begin computing control effort.
[controller_server-5] [INFO] [1782464552.490318404] [controller_server]: Passing new path to controller.
[controller_server-5] [INFO] [1782464552.941990476] [controller_server]: Reached the goal!
[bt_navigator-9] [INFO] [1782464552.980242392] [bt_navigator]: Goal succeeded
[exploration_coordinator-13] [INFO] [1782464552.980479728] [exploration_coordinator]: Nav2 reached the active frontier goal.
[exploration_coordinator-13] [INFO] [1782464552.980963421] [exploration_coordinator]: Probing beyond unknown frontier with Nav2 DriveOnHeading: distance=0.45m, speed=0.20m/s.
[behavior_server-8] [INFO] [1782464552.981376682] [behavior_server]: Running drive_on_heading
[behavior_server-8] [INFO] [1782464553.581635713] [behavior_server]: drive_on_heading completed successfully
[exploration_coordinator-13] [INFO] [1782464553.582058392] [exploration_coordinator]: Frontier Nav2 probe completed.
[exploration_coordinator-13] [INFO] [1782464553.616867137] [exploration_coordinator]: GBSAE prior vertex 30 has 2 allocated safe frontier candidates, local_filter_ms=18.0.
[exploration_coordinator-13] [INFO] [1782464553.617020598] [exploration_coordinator]: Checking GBSAE allocated frontier source=unknown, information_gain=0.14m^2.
[exploration_coordinator-13] [INFO] [1782464553.625137775] [exploration_coordinator]: Navigating to frontier goal=(-1.58, -1.66), size=24, cost=1.58, source=unknown, information_gain=0.14m^2
[bt_navigator-9] [INFO] [1782464553.625784635] [bt_navigator]: Begin navigating from current location (-2.24, -0.26) to (-1.58, -1.66)
[controller_server-5] [INFO] [1782464553.646128591] [controller_server]: Received a goal, begin computing control effort.
[controller_server-5] [INFO] [1782464554.696316609] [controller_server]: Passing new path to controller.
[controller_server-5] [INFO] [1782464555.746312765] [controller_server]: Passing new path to controller.
[controller_server-5] [INFO] [1782464555.797822270] [controller_server]: Reached the goal!
[bt_navigator-9] [INFO] [1782464555.836020180] [bt_navigator]: Goal succeeded
[exploration_coordinator-13] [INFO] [1782464555.836263403] [exploration_coordinator]: Nav2 reached the active frontier goal.
[exploration_coordinator-13] [INFO] [1782464555.836528229] [exploration_coordinator]: Probing beyond unknown frontier with Nav2 DriveOnHeading: distance=0.45m, speed=0.20m/s.
[behavior_server-8] [INFO] [1782464555.836900557] [behavior_server]: Running drive_on_heading
[behavior_server-8] [INFO] [1782464556.537150180] [behavior_server]: drive_on_heading completed successfully
[exploration_coordinator-13] [INFO] [1782464556.538111838] [exploration_coordinator]: Frontier Nav2 probe completed.
[exploration_coordinator-13] [INFO] [1782464556.585140208] [exploration_coordinator]: GBSAE prior vertex 30 has 3 allocated safe frontier candidates, local_filter_ms=16.3.
[exploration_coordinator-13] [INFO] [1782464556.585293517] [exploration_coordinator]: Checking GBSAE allocated frontier source=unknown, information_gain=0.03m^2.
[planner_server-7] [WARN] [1782464556.586194945] [planner_server]: Planner loop missed its desired rate of 20.0000 Hz. Current loop rate is 10.0000 Hz
[exploration_coordinator-13] [INFO] [1782464556.592747599] [exploration_coordinator]: Navigating to frontier goal=(-1.98, 0.64), size=21, cost=1.61, source=unknown, information_gain=0.03m^2
[bt_navigator-9] [INFO] [1782464556.593336613] [bt_navigator]: Begin navigating from current location (-1.79, -0.96) to (-1.98, 0.64)
[controller_server-5] [INFO] [1782464556.613671247] [controller_server]: Received a goal, begin computing control effort.
[controller_server-5] [INFO] [1782464557.663863453] [controller_server]: Passing new path to controller.
[controller_server-5] [INFO] [1782464558.713864702] [controller_server]: Passing new path to controller.
[controller_server-5] [INFO] [1782464558.765364588] [controller_server]: Reached the goal!
[bt_navigator-9] [INFO] [1782464558.803742837] [bt_navigator]: Goal succeeded
[exploration_coordinator-13] [INFO] [1782464558.804039739] [exploration_coordinator]: Nav2 reached the active frontier goal.
[exploration_coordinator-13] [INFO] [1782464558.804372989] [exploration_coordinator]: Aligning with unknown frontier normal using Nav2 Spin: delta=-1.21 rad.
[behavior_server-8] [INFO] [1782464558.804662756] [behavior_server]: Running spin
[behavior_server-8] [INFO] [1782464558.804712413] [behavior_server]: Turning -1.21 for spin behavior.
[behavior_server-8] [INFO] [1782464559.304927474] [behavior_server]: spin completed successfully
[exploration_coordinator-13] [INFO] [1782464559.306002623] [exploration_coordinator]: Probing beyond unknown frontier with Nav2 DriveOnHeading: distance=0.45m, speed=0.20m/s.
[behavior_server-8] [INFO] [1782464559.306309679] [behavior_server]: Running drive_on_heading
[behavior_server-8] [INFO] [1782464559.806558125] [behavior_server]: drive_on_heading completed successfully
[exploration_coordinator-13] [INFO] [1782464559.806983375] [exploration_coordinator]: Frontier Nav2 probe completed.
[exploration_coordinator-13] [INFO] [1782464559.829867940] [exploration_coordinator]: GBSAE prior vertex 30 has 3 allocated safe frontier candidates, local_filter_ms=13.6.
[exploration_coordinator-13] [INFO] [1782464559.830014485] [exploration_coordinator]: Checking GBSAE allocated frontier source=unknown, information_gain=0.04m^2.
[exploration_coordinator-13] [INFO] [1782464559.837218359] [exploration_coordinator]: Navigating to frontier goal=(-1.93, -0.31), size=21, cost=0.95, source=unknown, information_gain=0.04m^2
[bt_navigator-9] [INFO] [1782464559.837593412] [bt_navigator]: Begin navigating from current location (-2.39, 0.52) to (-1.93, -0.31)
[controller_server-5] [INFO] [1782464559.857921849] [controller_server]: Received a goal, begin computing control effort.
[controller_server-5] [INFO] [1782464560.908093970] [controller_server]: Passing new path to controller.
[planner_server-7] [WARN] [1782464561.898521224] [planner_server]: Planner loop missed its desired rate of 20.0000 Hz. Current loop rate is 10.0000 Hz
[controller_server-5] [INFO] [1782464561.910553541] [controller_server]: Reached the goal!
[controller_server-5] [INFO] [1782464561.917867060] [controller_server]: Received a goal, begin computing control effort.
[controller_server-5] [INFO] [1782464561.919510807] [controller_server]: Reached the goal!
[bt_navigator-9] [INFO] [1782464561.958017599] [bt_navigator]: Goal succeeded
[exploration_coordinator-13] [INFO] [1782464561.958041371] [exploration_coordinator]: Nav2 reached the active frontier goal.
[exploration_coordinator-13] [WARN] [1782464561.958298924] [exploration_coordinator]: Cannot estimate frontier probe direction; retrying.
[exploration_coordinator-13] [INFO] [1782464561.994142923] [exploration_coordinator]: GBSAE prior vertex 30 has 2 allocated safe frontier candidates, local_filter_ms=13.4.
[exploration_coordinator-13] [INFO] [1782464561.994300113] [exploration_coordinator]: Checking GBSAE allocated frontier source=unknown, information_gain=0.08m^2.
[exploration_coordinator-13] [INFO] [1782464562.001996407] [exploration_coordinator]: Navigating to frontier goal=(-1.43, -1.41), size=24, cost=1.40, source=unknown, information_gain=0.08m^2
[bt_navigator-9] [INFO] [1782464562.002620652] [bt_navigator]: Begin navigating from current location (-2.08, -0.19) to (-1.43, -1.41)
[controller_server-5] [INFO] [1782464562.022960120] [controller_server]: Received a goal, begin computing control effort.
[controller_server-5] [INFO] [1782464563.073137363] [controller_server]: Passing new path to controller.
[controller_server-5] [INFO] [1782464564.123140212] [controller_server]: Passing new path to controller.
[controller_server-5] [INFO] [1782464564.624693963] [controller_server]: Reached the goal!
[bt_navigator-9] [INFO] [1782464564.662883535] [bt_navigator]: Goal succeeded
[exploration_coordinator-13] [INFO] [1782464564.663107301] [exploration_coordinator]: Nav2 reached the active frontier goal.
[exploration_coordinator-13] [INFO] [1782464564.663362361] [exploration_coordinator]: Aligning with unknown frontier normal using Nav2 Spin: delta=-0.13 rad.
[behavior_server-8] [INFO] [1782464564.663738922] [behavior_server]: Running spin
[behavior_server-8] [INFO] [1782464564.663791729] [behavior_server]: Turning -0.13 for spin behavior.
[behavior_server-8] [INFO] [1782464564.964023002] [behavior_server]: spin completed successfully
[exploration_coordinator-13] [INFO] [1782464564.964528578] [exploration_coordinator]: Probing beyond unknown frontier with Nav2 DriveOnHeading: distance=0.45m, speed=0.20m/s.
[behavior_server-8] [INFO] [1782464564.964912596] [behavior_server]: Running drive_on_heading
[behavior_server-8] [INFO] [1782464565.465140585] [behavior_server]: drive_on_heading completed successfully
[exploration_coordinator-13] [INFO] [1782464565.466903286] [exploration_coordinator]: Frontier Nav2 probe completed.
[exploration_coordinator-13] [INFO] [1782464565.516086665] [exploration_coordinator]: GBSAE prior vertex 30 has 2 allocated safe frontier candidates, local_filter_ms=9.3.
[exploration_coordinator-13] [INFO] [1782464565.516242549] [exploration_coordinator]: Checking GBSAE allocated frontier source=unknown, information_gain=0.02m^2.
[exploration_coordinator-13] [INFO] [1782464565.523982036] [exploration_coordinator]: Navigating to frontier goal=(-2.48, 0.69), size=10, cost=1.65, source=unknown, information_gain=0.02m^2
[bt_navigator-9] [INFO] [1782464565.524380040] [bt_navigator]: Begin navigating from current location (-1.80, -0.80) to (-2.48, 0.69)
[planner_server-7] [WARN] [1782464565.525253881] [planner_server]: Planner loop missed its desired rate of 20.0000 Hz. Current loop rate is 10.0000 Hz
[controller_server-5] [INFO] [1782464565.544651489] [controller_server]: Received a goal, begin computing control effort.
[controller_server-5] [INFO] [1782464566.594825871] [controller_server]: Passing new path to controller.
[controller_server-5] [INFO] [1782464567.644827485] [controller_server]: Passing new path to controller.
[controller_server-5] [INFO] [1782464567.746310555] [controller_server]: Reached the goal!
[bt_navigator-9] [INFO] [1782464567.784665020] [bt_navigator]: Goal succeeded
[exploration_coordinator-13] [INFO] [1782464567.784920374] [exploration_coordinator]: Nav2 reached the active frontier goal.
[exploration_coordinator-13] [WARN] [1782464567.785219500] [exploration_coordinator]: Cannot estimate frontier probe direction; retrying.
[exploration_coordinator-13] [INFO] [1782464567.798936758] [exploration_coordinator]: GBSAE prior vertex 30 has 1 allocated safe frontier candidates, local_filter_ms=9.0.
[exploration_coordinator-13] [INFO] [1782464567.799085139] [exploration_coordinator]: Checking GBSAE allocated frontier source=unknown, information_gain=0.07m^2.
[exploration_coordinator-13] [INFO] [1782464567.807025183] [exploration_coordinator]: Navigating to frontier goal=(-2.68, -1.61), size=20, cost=2.19, source=unknown, information_gain=0.07m^2
[bt_navigator-9] [INFO] [1782464567.807626133] [bt_navigator]: Begin navigating from current location (-2.40, 0.54) to (-2.68, -1.61)
[planner_server-7] [WARN] [1782464567.808521123] [planner_server]: Planner loop missed its desired rate of 20.0000 Hz. Current loop rate is 10.0000 Hz
[controller_server-5] [INFO] [1782464567.827915274] [controller_server]: Received a goal, begin computing control effort.
[controller_server-5] [INFO] [1782464568.878091797] [controller_server]: Passing new path to controller.
[controller_server-5] [INFO] [1782464569.928070335] [controller_server]: Passing new path to controller.
[controller_server-5] [INFO] [1782464570.479660473] [controller_server]: Reached the goal!
[bt_navigator-9] [INFO] [1782464570.517907678] [bt_navigator]: Goal succeeded
[exploration_coordinator-13] [INFO] [1782464570.518067225] [exploration_coordinator]: Nav2 reached the active frontier goal.
[exploration_coordinator-13] [WARN] [1782464570.518313444] [exploration_coordinator]: Cannot estimate frontier probe direction; retrying.
[exploration_coordinator-13] [INFO] [1782464570.564790847] [exploration_coordinator]: GBSAE prior vertex 30 has 1 allocated safe frontier candidates, local_filter_ms=9.1.
[exploration_coordinator-13] [INFO] [1782464570.564941691] [exploration_coordinator]: Checking GBSAE allocated frontier source=unknown, information_gain=0.07m^2.
[exploration_coordinator-13] [INFO] [1782464570.572122110] [exploration_coordinator]: Navigating to frontier goal=(-2.68, -0.41), size=20, cost=1.05, source=unknown, information_gain=0.07m^2
[bt_navigator-9] [INFO] [1782464570.572719424] [bt_navigator]: Begin navigating from current location (-2.66, -1.44) to (-2.68, -0.41)
[controller_server-5] [INFO] [1782464570.592974554] [controller_server]: Received a goal, begin computing control effort.
[controller_server-5] [INFO] [1782464571.643136075] [controller_server]: Passing new path to controller.
[controller_server-5] [INFO] [1782464572.344638278] [controller_server]: Reached the goal!
[bt_navigator-9] [INFO] [1782464572.382984337] [bt_navigator]: Goal succeeded
[exploration_coordinator-13] [INFO] [1782464572.383408441] [exploration_coordinator]: Nav2 reached the active frontier goal.
[exploration_coordinator-13] [INFO] [1782464572.383888679] [exploration_coordinator]: Probing beyond unknown frontier with Nav2 DriveOnHeading: distance=0.45m, speed=0.20m/s.
[behavior_server-8] [INFO] [1782464572.384317178] [behavior_server]: Running drive_on_heading
[behavior_server-8] [INFO] [1782464573.084576045] [behavior_server]: drive_on_heading completed successfully
[exploration_coordinator-13] [INFO] [1782464573.085008839] [exploration_coordinator]: Frontier Nav2 probe completed.
[exploration_coordinator-13] [INFO] [1782464573.129438536] [exploration_coordinator]: GBSAE prior vertex 30 has 2 allocated safe frontier candidates, local_filter_ms=8.7.
[exploration_coordinator-13] [INFO] [1782464573.129585280] [exploration_coordinator]: Checking GBSAE allocated frontier source=unknown, information_gain=0.02m^2.
[exploration_coordinator-13] [INFO] [1782464573.137771682] [exploration_coordinator]: Navigating to frontier goal=(-1.88, 0.64), size=10, cost=2.03, source=unknown, information_gain=0.02m^2
[bt_navigator-9] [INFO] [1782464573.138368785] [bt_navigator]: Begin navigating from current location (-2.76, -1.15) to (-1.88, 0.64)
[planner_server-7] [WARN] [1782464573.139297683] [planner_server]: Planner loop missed its desired rate of 20.0000 Hz. Current loop rate is 10.0000 Hz
[controller_server-5] [INFO] [1782464573.158629198] [controller_server]: Received a goal, begin computing control effort.
[controller_server-5] [INFO] [1782464574.208800866] [controller_server]: Passing new path to controller.
[planner_server-7] [INFO] [1782464574.276439411] [global_costmap.global_costmap]: StaticLayer: Resizing static layer to 213 X 161 at 0.050000 m/pix
[controller_server-5] [INFO] [1782464575.258802730] [controller_server]: Passing new path to controller.
[controller_server-5] [INFO] [1782464576.210312951] [controller_server]: Reached the goal!
[bt_navigator-9] [INFO] [1782464576.248815724] [bt_navigator]: Goal succeeded
[exploration_coordinator-13] [INFO] [1782464576.251195786] [exploration_coordinator]: Nav2 reached the active frontier goal.
[exploration_coordinator-13] [WARN] [1782464576.251645008] [exploration_coordinator]: Cannot estimate frontier probe direction; retrying.
[exploration_coordinator-13] [INFO] [1782464576.296313758] [exploration_coordinator]: GBSAE prior vertex 30 has 0 allocated safe frontier candidates, local_filter_ms=8.1.
[exploration_coordinator-13] [WARN] [1782464576.296480415] [exploration_coordinator]: GBSAE prior vertex 30 has no reachable allocated frontier; advancing the route.
[exploration_coordinator-13] [INFO] [1782464579.332584744] [exploration_coordinator]: Checking GBSAE prior vertex 4 loop revisit at (0.20, 2.60).
[exploration_coordinator-13] [INFO] [1782464579.340893695] [exploration_coordinator]: Navigating directly to GBSAE prior vertex 4 loop revisit: goal=(0.20, 2.60), cost=3.01.
[bt_navigator-9] [INFO] [1782464579.341523017] [bt_navigator]: Begin navigating from current location (-1.96, 0.48) to (0.20, 2.60)
[controller_server-5] [INFO] [1782464579.361813897] [controller_server]: Received a goal, begin computing control effort.
[controller_server-5] [INFO] [1782464580.412011325] [controller_server]: Passing new path to controller.
[controller_server-5] [INFO] [1782464581.462012461] [controller_server]: Passing new path to controller.
[controller_server-5] [INFO] [1782464582.462011018] [controller_server]: Passing new path to controller.
[controller_server-5] [INFO] [1782464582.663507673] [controller_server]: Reached the goal!
[exploration_coordinator-13] [INFO] [1782464582.701957777] [exploration_coordinator]: Nav2 reached GBSAE prior vertex 4 during loop revisit.
[bt_navigator-9] [INFO] [1782464582.701960062] [bt_navigator]: Goal succeeded
[exploration_coordinator-13] [WARN] [1782464582.735812610] [exploration_coordinator]: Skipping optional GBSAE loop revisit to prior vertex 30: prior vertex is not currently known-free.
[exploration_coordinator-13] [INFO] [1782464582.784264194] [exploration_coordinator]: GBSAE prior vertex 5 has 2 allocated safe frontier candidates, local_filter_ms=8.3.
[exploration_coordinator-13] [INFO] [1782464582.784481282] [exploration_coordinator]: Checking GBSAE allocated frontier source=unknown, information_gain=1.38m^2.
[exploration_coordinator-13] [INFO] [1782464582.792804252] [exploration_coordinator]: Navigating to frontier goal=(2.38, 3.54), size=110, cost=2.72, source=unknown, information_gain=1.38m^2
[bt_navigator-9] [INFO] [1782464582.793437542] [bt_navigator]: Begin navigating from current location (0.06, 2.46) to (2.38, 3.54)
[planner_server-7] [WARN] [1782464582.794369865] [planner_server]: Planner loop missed its desired rate of 20.0000 Hz. Current loop rate is 10.0000 Hz
[controller_server-5] [INFO] [1782464582.813780380] [controller_server]: Received a goal, begin computing control effort.
[sync_slam_toolbox_node-4] W0626 17:03:03.101421 2252125 preprocessor.cc:62] Specified options.num_threads: 50 exceeds maximum available from the threading model Ceres was compiled with: 32.  Bounding to maximum number available.
[controller_server-5] [INFO] [1782464583.863971502] [controller_server]: Passing new path to controller.
[planner_server-7] [INFO] [1782464584.289690972] [global_costmap.global_costmap]: StaticLayer: Resizing static layer to 213 X 161 at 0.050000 m/pix
[controller_server-5] [INFO] [1782464584.913974568] [controller_server]: Passing new path to controller.
[controller_server-5] [INFO] [1782464585.765496026] [controller_server]: Reached the goal!
[bt_navigator-9] [INFO] [1782464585.803863178] [bt_navigator]: Goal succeeded
[exploration_coordinator-13] [INFO] [1782464585.803895813] [exploration_coordinator]: Nav2 reached the active frontier goal.
[exploration_coordinator-13] [INFO] [1782464585.804134813] [exploration_coordinator]: Aligning with unknown frontier normal using Nav2 Spin: delta=0.61 rad.
[behavior_server-8] [INFO] [1782464585.804408363] [behavior_server]: Running spin
[behavior_server-8] [INFO] [1782464585.804462809] [behavior_server]: Turning 0.61 for spin behavior.
[behavior_server-8] [INFO] [1782464586.204693899] [behavior_server]: spin completed successfully
[exploration_coordinator-13] [INFO] [1782464586.205193705] [exploration_coordinator]: Probing beyond unknown frontier with Nav2 DriveOnHeading: distance=0.45m, speed=0.20m/s.
[behavior_server-8] [INFO] [1782464586.205595756] [behavior_server]: Running drive_on_heading
[behavior_server-8] [INFO] [1782464586.705829362] [behavior_server]: drive_on_heading completed successfully
[exploration_coordinator-13] [INFO] [1782464586.706250225] [exploration_coordinator]: Frontier Nav2 probe completed.
[exploration_coordinator-13] [INFO] [1782464586.750294769] [exploration_coordinator]: GBSAE prior vertex 5 has 2 allocated safe frontier candidates, local_filter_ms=6.1.
[exploration_coordinator-13] [INFO] [1782464586.750451640] [exploration_coordinator]: Checking GBSAE allocated frontier source=unknown, information_gain=0.62m^2.
[exploration_coordinator-13] [INFO] [1782464586.758182017] [exploration_coordinator]: Navigating to frontier goal=(0.94, 2.19), size=138, cost=2.03, source=unknown, information_gain=0.62m^2
[bt_navigator-9] [INFO] [1782464586.758766883] [bt_navigator]: Begin navigating from current location (2.66, 3.11) to (0.94, 2.19)
[controller_server-5] [INFO] [1782464586.779075049] [controller_server]: Received a goal, begin computing control effort.
[controller_server-5] [INFO] [1782464587.829262732] [controller_server]: Passing new path to controller.
[controller_server-5] [INFO] [1782464588.879263281] [controller_server]: Passing new path to controller.
[controller_server-5] [INFO] [1782464589.530763368] [controller_server]: Reached the goal!
[bt_navigator-9] [INFO] [1782464589.569025789] [bt_navigator]: Goal succeeded
[exploration_coordinator-13] [INFO] [1782464589.569248211] [exploration_coordinator]: Nav2 reached the active frontier goal.
[exploration_coordinator-13] [INFO] [1782464589.569483365] [exploration_coordinator]: Aligning with unknown frontier normal using Nav2 Spin: delta=-0.29 rad.
[behavior_server-8] [INFO] [1782464589.569853959] [behavior_server]: Running spin
[behavior_server-8] [INFO] [1782464589.569907816] [behavior_server]: Turning -0.29 for spin behavior.
[behavior_server-8] [INFO] [1782464589.870118720] [behavior_server]: spin completed successfully
[exploration_coordinator-13] [INFO] [1782464589.870598378] [exploration_coordinator]: Probing beyond unknown frontier with Nav2 DriveOnHeading: distance=0.45m, speed=0.20m/s.
[behavior_server-8] [INFO] [1782464589.871001083] [behavior_server]: Running drive_on_heading
[behavior_server-8] [INFO] [1782464590.371211247] [behavior_server]: drive_on_heading completed successfully
[exploration_coordinator-13] [INFO] [1782464590.371812223] [exploration_coordinator]: Frontier Nav2 probe completed.
[exploration_coordinator-13] [INFO] [1782464590.397474470] [exploration_coordinator]: GBSAE prior vertex 5 has 2 allocated safe frontier candidates, local_filter_ms=6.6.
[exploration_coordinator-13] [INFO] [1782464590.397623146] [exploration_coordinator]: Checking GBSAE allocated frontier source=unknown, information_gain=1.42m^2.
[exploration_coordinator-13] [INFO] [1782464590.405488477] [exploration_coordinator]: Navigating to frontier goal=(2.29, 3.54), size=138, cost=1.79, source=unknown, information_gain=1.42m^2
[bt_navigator-9] [INFO] [1782464590.405871171] [bt_navigator]: Begin navigating from current location (1.48, 1.99) to (2.29, 3.54)
[controller_server-5] [INFO] [1782464590.426202253] [controller_server]: Received a goal, begin computing control effort.
[controller_server-5] [INFO] [1782464591.476340670] [controller_server]: Passing new path to controller.
